dblp,journals/vldb/LometS97,Concurrency and Recovery for Index Trees,David B. Lomet, Betty Salzberg,VLDB J.,1997,,,,,,,
acm,336577,A goal-driven auto-configuration tool for the distributed workflow management system mentorlite,Michael Gillmann, Jeanine Weissenfels, German Shegalov, Wolfgang Wonner, Gerhard Weikum,International Conference on Management of Data,2000,,,,
dblp,journals/sigmod/Cetintemel01,On the Academic Interview Circuit: An End-to-End Discussion,Ugur Çetintemel,SIGMOD Record,2001,,,,,,,,
acm,637433,An early look at XQuery,Andrew Eisenberg, Jim Melton,ACM SIGMOD Record,2002,,,,,,,
acm,671696,Rethinking Database System Architecture: Towards a Self-Tuning RISC-Style Database System,Surajit Chaudhuri, Gerhard Weikum,Very Large Data Bases,2000,,,,,,,
acm,335388,LOF: identifying density-based local outliers,Markus M. Breunig, Hans-Peter Kriegel, Raymond T. Ng, J&#246,rg Sander,International Conference on Management of Data,2000,,,,
acm,304230,A database perspective on Lotus Domino/Notes,C. Mohan,International Conference on Management of Data,1999,,,,,,,,
acm,872772,Rights protection for relational data,Radu Sion, Mikhail Atallah, Sunil Prabhakar,International Conference on Management of Data,2003,,,,,,
acm,604268,ADAM: a testbed for exploring the use of data mining in intrusion detection,Daniel Barbar&#225,, Julia Couto, Sushil Jajodia, Ningning Wu,ACM SIGMOD Record,2001,,,,
acm,672989,A Top-Down Approach for Two Level Serializability,M. Ouzzani, M. A. Atroun, N. L. Belkhodja,Very Large Data Bases,1994,,,,,,
acm,375670,Space-efficient online computation of quantile summaries,Michael Greenwald, Sanjeev Khanna,International Conference on Management of Data,2001,,,,,,,
acm,276354,Microsoft universal data access platform,Jos&#233, A. Blakeley, Michael J. Pizzo,International Conference on Management of Data,1998,,,,,,
dblp,journals/sigmod/Goethals02,Data Warehousing and Business Intelligence for E-Commerce - Book Review,Frank G. Goethals,SIGMOD Record,2002,,,,,,,,
dblp,conf/vldb/SchindlerAG03,Lachesis: Robust Database Storage Management Based on Device-specific Performance Characteristics,Anastassia Ailamaki, Jiri Schindler, Gregory R. Ganger,VLDB,2003,,,,,,
dblp,journals/tods/DattaVCK99,Broadcast Protocols to Support Efficient Retrieval from Databases by Mobile Users,Anindya Datta, Vijay Kumar, Aslihan Celik, Debra E. VanderMeer,ACM Trans. Database Syst.,1999,,,,,
dblp,conf/vldb/Taylor00,Concurrency in the Data Warehouse,Richard Taylor,VLDB,2000,,,,,,,,
dblp,conf/vldb/LabioYCGW00,Performance Issues in Incremental Warehouse Maintenance,Hector Garcia-Molina, Wilburt Labio, Yingwei Cui, Jennifer Widom, Jun Yang,VLDB,2000,,,,
acm,271082,Integrating dynamically-fetched external information into a DBMS for semistructured data,Jason McHugh, Jennifer Widom,ACM SIGMOD Record,1997,,,,,,,
dblp,journals/tods/Chomicki03,Preference formulas in relational queries,Jan Chomicki,ACM Trans. Database Syst.,2003,,,,,,,,
acm,381860,Advances in real-time database systems research,Azer Bestavros,ACM SIGMOD Record,1996,,,,,,,,
acm,671188,On Optimal Node Splitting for R-trees,Yv&#225,n J. Garc&#237,a, Mario A. Lopez, Scott T. Leutenegger,Very Large Data Bases,1998,,,,
dblp,journals/sigmod/GottlobKP03,XPath Processing in a Nutshell,Georg Gottlob, Christoph Koch, Reinhard Pichler,SIGMOD Record,2003,,,,,,
acm,673631,DWMS: Data Warehouse Management System,Narendra Mohan,Very Large Data Bases,1996,,,,,,,,
dblp,conf/vldb/SrinivasaK03,A Platform Based on the Multi-dimensional Data Model for Analysis of Bio-Molecular Structures,Srinath Srinivasa, Sujit Kumar,VLDB,2003,,,,,,,
acm,672005,Manipulating Interpolated Data is Easier than You Thought,St&#233,phane Grumbach, Philippe Rigaux, Luc Segoufin,Very Large Data Bases,2000,,,,,
acm,673464,Applying Data Mining Techniques to a Health Insurance Information System,Marisa S. Viveros, John P. Nearhos, Michael J. Rothman,Very Large Data Bases,1996,,,,,,
acm,375677,Filtering algorithms and implementation for very fast publish/subscribe systems,Fran&#231,oise Fabret, H. Arno Jacobsen, Fran&#231,ois Llirbat, Jo&#259,o Pereira, Kenneth A. Ross, Dennis Shasha,International Conference on Management of Data,2001
acm,223787,Efficient optimistic concurrency control using loosely synchronized clocks,Atul Adya, Robert Gruber, Barbara Liskov, Umesh Maheshwari,International Conference on Management of Data,1995,,,,,
acm,375739,Content integration for e-business,Michael Stonebraker, Joseph M. Hellerstein,International Conference on Management of Data,2001,,,,,,,
acm,673484,Cost-based Selection of Path Expression Processing Algorithms in Object-Oriented Databases,Georges Gardarin, Jean-Robert Gruser, Zhao-Hui Tang,Very Large Data Bases,1996,,,,,,
dblp,conf/vldb/IlyasAE02,Joining Ranked Inputs in Practice,Walid G. Aref, Ihab F. Ilyas, Ahmed K. Elmagarmid,VLDB,2002,,,,,,
acm,776989,An approach to confidence based page ranking for user oriented Web search,Debajyoti Mukhopadhyay, Debasis Giri, Sanasam Ranbir Singh,ACM SIGMOD Record,2003,,,,,,
dblp,conf/vldb/Meier95,Providing Database Migration Tools - A Practicioner's Approach,Andreas Meier,VLDB,1995,,,,,,,,
dblp,conf/vldb/DiaoLCT00,Toward Learning Based Web Query Processing,Yanlei Diao, Hongjun Lu, Zengping Tian, Songting Chen,VLDB,2000,,,,,
dblp,conf/vldb/AbiteboulABBNM03,Schema-driven Customization of Web Services,Bernd Amann, Serge Abiteboul, Jérôme Baumgarten, Omar Benjelloun, Tova Milo, Frederic Dang Ngoc,VLDB,2003,,,
dblp,journals/sigmod/SchmidtWKFCMB01,Why And How To Benchmark XML Databases,Ralph Busse, Michael J. Carey, Daniela Florescu, Martin L. Kersten, Albrecht Schmidt, Florian Waas, Ioana Manolescu,SIGMOD Record,2001,,
acm,273253,Materialized views and data warehouses,Nick Roussopoulos,ACM SIGMOD Record,1998,,,,,,,,
dblp,conf/sigmod/ReveszCKLLW00,The MLPQ/GIS Constraint Database System,Yuguo Liu, Yiming Li, Pradip Kanjamala, Rui Chen, Yonghui Wang, Peter Z. Revesz,SIGMOD Conference,2000,,,
acm,190638,Metadata in video databases,Ramesh Jain, Arun Hampapur,ACM SIGMOD Record,1994,,,,,,,
dblp,conf/sigmod/KalnisNOPT02,An adaptive peer-to-peer network for distributed caching of OLAP results,Beng Chin Ooi, Dimitris Papadias, Kian-Lee Tan, Wee Siong Ng, Panos Kalnis,SIGMOD Conference,2002,,,,
acm,756643,"Physical Data Independence, Constraints, and Optimization with Universal Plans",Alin Deutsch, Lucian Popa, Val Tannen,Very Large Data Bases,1999,,,,,,
dblp,conf/vldb/KumarRRT99,Extracting Large-Scale Knowledge Bases from the Web,Andrew Tomkins, Prabhakar Raghavan, Ravi Kumar, Sridhar Rajagopalan,VLDB,1999,,,,,
dblp,conf/vldb/ChaudhuriS01,Storage and Retrieval of XML Data Using Relational Databases,Surajit Chaudhuri, Kyuseok Shim,VLDB,2001,,,,,,,
acm,765240,Progressive evaluation of nested aggregate queries,Kian-Lee Tan, Cheng Hian Goh, Beng Chin Ooi,The VLDB Journal &mdash, The International Journal on Very Large Data Bases,2000,,,,,
acm,335383,Finding generalized projected clusters in high dimensional spaces,Charu C. Aggarwal, Philip S. Yu,International Conference on Management of Data,2000,,,,,,,
dblp,journals/vldb/TempletonHMB95,InterViso: Dealing With the Complexity of Federated Database Access,Edward Maros, Darrel J. Van Buer, Marjorie Templeton, Herbert Henley,VLDB J.,1995,,,,,
dblp,journals/sigmod/Liu02,Editor's Notes,Ling Liu,SIGMOD Record,2002,,,,,,,,
dblp,journals/tods/SalemGS94,Altruistic Locking,Jeannie Shands, Kenneth Salem, Hector Garcia-Molina,ACM Trans. Database Syst.,1994,,,,,,
dblp,journals/sigmod/KramerNKRLKLZ97,WWW-UDK: A Web-based Environmental Meta-Information System,Rudolf Legat, Arne Koschel, Andree Keitel, Ralf Kramer, Claudia Rolker, Ralf Nikolai, Peter C. Lockemann, Konrad Zirm,SIGMOD Record,1997,
acm,503100,A case for dynamic view management,Yannis Kotidis, Nick Roussopoulos,ACM Transactions on Database Systems (TODS),2001,,,,,,,
acm,603884,Continuous queries over data streams,Shivnath Babu, Jennifer Widom,ACM SIGMOD Record,2001,,,,,,,
dblp,conf/sigmod/Shasha97,"Lessons from Wall Street: Case Studies in Configuration, Tuning, and Distribution (Tutorial)",Dennis Shasha,SIGMOD Conference,1997,,,,,,,,
dblp,journals/sigmod/RossFS02,Reminiscences on Influential Papers,Kenneth A. Ross, Kyuseok Shim, Mary F. Fernandez,SIGMOD Record,2002,,,,,,
acm,672360,Caching Technologies for Web Applications,C. Mohan,Very Large Data Bases,2001,,,,,,,,
acm,671505,Optimal Grid-Clustering: Towards Breaking the Curse of Dimensionality in High-Dimensional Clustering,Alexander Hinneburg, Daniel A. Keim,Very Large Data Bases,1999,,,,,,,
acm,872854,STREAM: the stanford stream data manager (demonstration description),Arvind Arasu, Brian Babcock, Shivnath Babu, Mayur Datar, Keith Ito, Itaru Nishizawa, Justin Rosenstein, Jennifer Widom,International Conference on Management of Data,2003,
dblp,journals/sigmod/PaepckeGRC00,Beyond Document Similarity: Understanding Value-Based Search and Browsing Technologies,Gerard Rodríguez-Mulà, Andreas Paepcke, Junghoo Cho, Hector Garcia-Molina,SIGMOD Record,2000,,,,,
acm,672030,A Database Index to Large Biological Sequences,Ela Hunt, Malcolm P. Atkinson, Robert W. Irving,Very Large Data Bases,2001,,,,,,
dblp,journals/sigmod/LawderK01,Querying Multi-dimensional Data Indexed Using the Hilbert Space-filling Curve,Peter J. H. King, Jonathan K. Lawder,SIGMOD Record,2001,,,,,,,
acm,253379,DEVise (demo abstract): integrated querying and visual exploration of large datasets,M. Livny, R. Ramakrishnan, K. Beyer, G. Chen, D. Donjerkovic, S. Lawande, J. Myllymaki, K. Wenger,International Conference on Management of Data,1997,
dblp,conf/sigmod/Kennamer98,Microsoft.com: A High-Scale Data Management and Transaction Processing Solution,Sherri Kennamer,SIGMOD Conference,1998,,,,,,,,
acm,959070,The Cougar Project: a work-in-progress report,Alan Demers, Johannes Gehrke, Rajmohan Rajaraman, Niki Trigoni, Yong Yao,ACM SIGMOD Record,2003,,,,
dblp,conf/vldb/Galindo-LegariaPK94,"Fast, Randomized Join-Order Selection - Why Use Transformations?",Arjan Pellenkoft, César A. Galindo-Legaria, Martin L. Kersten,VLDB,1994,,,,,,
acm,671002,A Language for Manipulating Arrays,Arunprasad P. Marathe, Kenneth Salem,Very Large Data Bases,1997,,,,,,,
dblp,conf/sigmod/ProcopiucJAM02,A Monte Carlo algorithm for fast projective clustering,Michael Jones, Pankaj K. Agarwal, T. M. Murali, Cecilia Magdalena Procopiuc,SIGMOD Conference,2002,,,,,
acm,564754,Efficient execution of joins in a star schema,Andreas Weininger,International Conference on Management of Data,2002,,,,,,,,
acm,959077,Book reviews,,ACM SIGMOD Record,2003,,,,,,,,
dblp,journals/vldb/RamanRH00,Online dynamic reordering,"Bhaskaran Raman, Joseph M. Hellerstein, Vijayshankar Raman",VLDB J.,2000,,,,,,,,
dblp,journals/vldb/MaratheS02,Query processing techniques for arrays,"Arunprasad P. Marathe, Kenneth Salem",VLDB J.,2002,,,,,,,,
dblp,journals/sigmod/RamDD99,Distributed Transactions in Practice,"Lyman Do, Pamela Drew, Prabhu Ram",SIGMOD Record,1999,,,,,,,,
dblp,journals/sigmod/NorrieBSW94,The Database Research Group at ETH Zurich,"Hans-Jörg Schek, Moira C. Norrie, Gerhard Weikum, Stephen Blott",SIGMOD Record,1994,,,,,,,,
acm,276386,The multidimensional database system RasDaMan,"P. Baumann, A. Dehmel, P. Furtado, R. Ritsch, N. Widmann",International Conference on Management of Data,1998,,,,,,,,
acm,381889,Workshop report: the first international workshop on active and real-time database systems (ARTDB-95),"Mikael Berndtsson, J&#246;rgen Hansson",ACM SIGMOD Record,1996,,,,,,,,
acm,335376,Turbo-charging vertical mining of large databases,"Pradeep Shenoy, Jayant R. Haritsa, S. Sundarshan, Gaurav Bhalotia, Mayank Bawa, Devavrat Shah",International Conference on Management of Data,2000,,,,,,,,
acm,502031,Probabilistic object bases,"Thomas Eiter, James J. Lu, Thomas Lukasiewicz, V. S. Subrahmanian",ACM Transactions on Database Systems (TODS),2001,,,,,,,,
acm,375773,"Fault-tolerant, load-balancing queries in telegraph","Mehul A. Shah, Sirish Chandrasekaran",International Conference on Management of Data,2001,,,,,,,,
acm,673309,Type Classification of Semi-Structured Documents,"Markus Tresch, Neal Palmer, Allen Luniewski",Very Large Data Bases,1995,,,,,,,,
dblp,conf/vldb/DoR02,COMA - A System for Flexible Combination of Schema Matching Approaches,"Erhard Rahm, Hong Hai Do",VLDB,2002,,,,,,,,
acm,191949,Relaxed transaction processing,"Munindar P. Singh, Christine Tomlinson, Darrell Woelk",International Conference on Management of Data,1994,,,,,,,,
acm,276332,Enhanced hypertext categorization using hyperlinks,"Soumen Chakrabarti, Byron Dom, Piotr Indyk",International Conference on Management of Data,1998,,,,,,,,
dblp,conf/sigmod/ZouS96,On-line Reorganization of Sparsely-populated B+trees,"Betty Salzberg, Chendong Zou",SIGMOD Conference,1996,,,,,,,,
dblp,conf/sigmod/CluetDSS98,Your Mediators Need Data Conversion!,"Sophie Cluet, Katarzyna Smaga, Jérôme Siméon, Claude Delobel",SIGMOD Conference,1998,,,,,,,,
acm,565120,The design of a retrieval technique for high-dimensional data on tertiary storage,"Ratko Orlandic, Jack Lukaszuk, Craig Swietlik",ACM SIGMOD Record,2002,,,,,,,,
dblp,conf/sigmod/ShanmugasundaramNSR99,Efficient Concurrency Control for Broadcast Environments,"Arvind Nithrakashyap, Rajendran M. Sivasankaran, Jayavel Shanmugasundaram, Krithi Ramamritham",SIGMOD Conference,1999,,,,,,,,
dblp,journals/tods/KrishnakumarB94,Bounded Ignorance: A Technique for Increasing Concurrency in a Replicated System,"Arthur J. Bernstein, Narayanan Krishnakumar",ACM Trans. Database Syst.,1994,,,,,,,,
dblp,journals/tods/MehrotraRKS98,Ensuring Consistency in Multidatabases by Preserving Two-Level Serializability,Sharad Mehrotra,ACM Trans. Database Syst.,1998,,,,,,,,
dblp,conf/sigmod/AdyaGLM95,Efficient Optimistic Concurrency Control Using Loosely Synchronized Clocks,"Barbara Liskov, Atul Adya, Robert Gruber, Umesh Maheshwari",SIGMOD Conference,1995,,,,,,,,
dblp,conf/vldb/ChatziantoniouR96,Querying Multiple Features of Groups in Relational Databases,"Damianos Chatziantoniou, Kenneth A. Ross",VLDB,1996,,,,,,,,
dblp,conf/vldb/SeshadriLR96,The Design and Implementation of a Sequence Database System,"Raghu Ramakrishnan, Miron Livny, Praveen Seshadri",VLDB,1996,,,,,,,,
acm,304231,Hypertext databases and data mining,Soumen Chakrabarti,International Conference on Management of Data,1999,,,,,,,,
acm,671511,On Efficiently Implementing SchemaSQL on an SQL Database System,"Laks V. S. Lakshmanan, Fereidoon Sadri, Subbu N. Subramanian",Very Large Data Bases,1999,,,,,,,,
dblp,journals/sigmod/Aberer02c,Book Review Column,Karl Aberer,SIGMOD Record,2002,,,,,,,,
acm,375774,Snowball: a prototype system for extracting relations from large text collections,"Eugene Agichtein, Luis Gravano, Jeff Pavel, Viktoriya Sokolova, Aleksandr Voskoboynik",International Conference on Management of Data,2001,,,,,,,,
acm,672356,Approximate Query Processing: Taming the TeraBytes,"Minos N. Garofalakis, Phillip B. Gibbon",Very Large Data Bases,2001,,,,,,,,
dblp,conf/vldb/CherniackFZ01,Data Management for Pervasive Computing,"Mitch Cherniack, Stanley B. Zdonik, Michael J. Franklin",VLDB,2001,,,,,,,,
dblp,conf/sigmod/MumickP94,Implementation of Magic-sets in a Relational Database System,"Inderpal Singh Mumick, Hamid Pirahesh",SIGMOD Conference,1994,,,,,,,,
acm,671867,Panel: Is Generic Metadata Management Feasible?,"Philip A. Bernstein, Laura M. Haas, Matthias Jarke, Erhard Rahm, Gio Wiederhold",Very Large Data Bases,2000,,,,,,,,
dblp,conf/vldb/CeriFP99,"Data-Driven, One-To-One Web Site Generation for Data-Intensive Applications","Stefano Paraboschi, Piero Fraternali, Stefano Ceri",VLDB,1999,,,,,,,,
dblp,journals/sigmod/Alonso95a,Trade Press News,Rafael Alonso,SIGMOD Record,1995,,,,,,,,
acm,603870,XQuery formal semantics state and challenges,Peter Fankhauser,ACM SIGMOD Record,2001,,,,,,,,
dblp,conf/vldb/BaulierBGJGKKMMNNRSS98,DataBlitz: A High Performance Main-Memory Storage Manager,"P. P. S. Narayan, S. Joshi, M. Nemeth, Abraham Silberschatz, Henry F. Korth, A. Khivesera, Jerry Baulier, S. Sudarshan, Philip Bohannon, Peter McIlroy, J. Miller, S. Gogate, Rajeev Rastogi, C. Gupta",VLDB,1998,,,,,,,,
dblp,journals/sigmod/AshishK97,Wrapper Generation for Semi-structured Internet Sources,"Craig A. Knoblock, Naveen Ashish",SIGMOD Record,1997,,,,,,,,
dblp,conf/sigmod/MinPC03,XPRESS: A Queriable Compression for XML Data,"Myung-Jae Park, Jun-Ki Min, Chin-Wan Chung",SIGMOD Conference,2003,,,,,,,,
dblp,conf/sigmod/ChristophidesCS00,On Wrapping Query Languages and Efficient XML Integration,"Jérôme Siméon, Vassilis Christophides, Sophie Cluet",SIGMOD Conference,2000,,,,,,,,
acm,764222,Update propagation strategies to improve freshness in lazy master replicated databases,"Esther Pacitti, Eric Simon",The VLDB Journal &mdash, The International Journal on Very Large Data Bases,2000,,,,,,,
acm,672363,MV3R-Tree: A Spatio-Temporal Access Method for Timestamp and Interval Queries,"Yufei Tao, Dimitris Papadias",Very Large Data Bases,2001,,,,,,,,
acm,564786,XmdvTool: visual interactive data exploration and trend discovery of high-dimensional data sets,"Elke A. Rundensteiner, Matthew O. Ward, Jing Yang, Punit R. Doshi",International Conference on Management of Data,2002,,,,,,,,
acm,872786,Extended wavelets for multiple measures,"Antonios Deligiannakis, Nick Roussopoulos",International Conference on Management of Data,2003,,,,,,,,
dblp,journals/tods/GravanoGT99,GlOSS: Text-Source Discovery over the Internet,"Hector Garcia-Molina, Luis Gravano, Anthony Tomasic",ACM Trans. Database Syst.,1999,,,,,,,,
dblp,journals/sigmod/ShethGJRSWW96,Report from the NSF Workshop on Workflow and Process Automation in Information Systems,"Dimitrios Georgakopoulos, Stef Joosten, Marek Rusinkiewicz, Alexander L. Wolf, Walt Scacchi, Amit P. Sheth, Jack C. Wileden",SIGMOD Record,1996,,,,,,,,
dblp,conf/sigmod/Epstein95,Keynote Address,Robert S. Epstein,SIGMOD Conference,1995,,,,,,,,
acm,565130,Data mining: concepts and techniques by Jiawei Han and Micheline Kamber,"Fernando Berzal, Nicolf&#225;s Mat&#237;n",ACM SIGMOD Record,2002,,,,,,,,
dblp,conf/vldb/StohrMR00,Multi-Dimensional Database Allocation for Parallel Data Warehouses,"Holger Märtens, Erhard Rahm, Thomas Stöhr",VLDB,2000,,,,,,,,
dblp,conf/vldb/PalpanasSCP02,Incremental Maintenance for Non-Distributive Aggregate Functions,"Themistoklis Palpanas, Richard Sidle, Hamid Pirahesh, Roberta Cochrane",VLDB,2002,,,,,,,,
acm,672007,"Social, Educational, and Governmental Change Enabled through Information Technology","Krithi Ramamritham, Yeha El Atfi, Carlo Batini, Michael Eitan, Valerie Gregg, D. B. Phatak",Very Large Data Bases,2000,,,,,,,,
acm,671839,Push Technology Personalization through Event Correlation,"Asaf Adi, David Botzer, Opher Etzion, Tali Yatzkar-Haham",Very Large Data Bases,2000,,,,,,,,
acm,223866,VERSANT replication: supporting fault-tolerant object databases,"Yuh-Ming Shyy, H. Stephen Au-Yeung, C. P. Chou",International Conference on Management of Data,1995,,,,,,,,
dblp,conf/sigmod/Cattell94,ODMG-93: A Standard for Object-Oriented DBMSs,R. G. G. Cattell,SIGMOD Conference,1994,,,,,,,,
acm,671007,Principles of Optimally Placing Data in Tertiary Storage Libraries,"Stavros Christodoulakis, Peter Triantafillou, Fenia Zioga",Very Large Data Bases,1997,,,,,,,,
dblp,conf/vldb/ChaudhuriGN03,Primitives for Workload Summarization and Implications for SQL,"Surajit Chaudhuri, Prasanna Ganesan, Vivek R. Narasayya",VLDB,2003,,,,,,,,
dblp,conf/sigmod/MattosM95,An Overview of the Emerging Third-Generation SQL Standard (Tutorial),"Nelson Mendonça Mattos, Jim Melton",SIGMOD Conference,1995,,,,,,,,
dblp,journals/sigmod/BerndtssonH96,Workshop Report: The First International Workshop on Active and Real-Time Database Systems (ARTDB-95),"Mikael Berndtsson, Jörgen Hansson",SIGMOD Record,1996,,,,,,,,
dblp,conf/vldb/PapakonstantinouAG96,Object Fusion in Mediator Systems,"Yannis Papakonstantinou, Hector Garcia-Molina, Serge Abiteboul",VLDB,1996,,,,,,,,
acm,672040,Cache Portal: Technology for Accelerating Database-driven e-commerce Web Sites,"Wen-Syan Li, K. Sel&#231;uk Candan, Wang-Pin Hsiung, Oliver Po, Divyakant Agrawal, Qiong Luo, Wei-Kuang Waine Huang, Yusuf Akca, Cemal Yilmaz",Very Large Data Bases,2001,,,,,,,,
dblp,conf/vldb/LometT95,Redo Recovery after System Crashes,"Mark R. Tuttle, David B. Lomet",VLDB,1995,,,,,,,,
acm,671198,Improving Adaptable Similarity Query Processing by Using Approximations,"Mihael Ankerst, Bernhard Braunm&#252;ller, Hans-Peter Kriegel, Thomas Seidl",Very Large Data Bases,1998,,,,,,,,
dblp,journals/sigmod/Aberer01,Advanced XML Data Processing - Guest Editor's Introduction,Karl Aberer,SIGMOD Record,2001,,,,,,,,
dblp,conf/vldb/TaoPS02,Continuous Nearest Neighbor Search,"Dimitris Papadias, Yufei Tao, Qiongmao Shen",VLDB,2002,,,,,,,,
acm,671848,Hypothetical knowledge and counterfactual reasoning,Joseph Y. Halpern,Very Large Data Bases,2000,,,,,,,,
dblp,conf/vldb/LakshmiZ98,Selectivity Estimation in Extensible Databases - A Neural Network Approach,"Shaoyu Zhou, M. Seetha Lakshmi",VLDB,1998,,,,,,,,
dblp,conf/sigmod/Ullman03,Improving the Efficiency of Database-System Teaching,Jeffrey D. Ullman,SIGMOD Conference,2003,,,,,,,,
acm,673334,Scalablity and Availability in Oracle7 7.3,Dieter Gawlick,Very Large Data Bases,1996,,,,,,,,
acm,637417,Conceptual model of web service reputation,"E. Michael Maximilien, Munindar P. Singh",ACM SIGMOD Record,2002,,,,,,,,
acm,604266,Special issue on data mining for intrusion detection and threat analysis,Daniel Barbar&#225,,ACM SIGMOD Record,2001,,,,,,,
acm,187445,How to modify SQL queries in order to guarantee sure answers,H.-J. Klein,ACM SIGMOD Record,1994,,,,,,,,
dblp,conf/vldb/BaumannDFRW99,Spatio-Temporal Retrieval with RasDaMan,"Peter Baumann, Norbert Widmann, Roland Ritsch, Paula Furtado, Andreas Dehmel",VLDB,1999,,,,,,,,
dblp,conf/sigmod/2002,"Proceedings of the 2002 ACM SIGMOD International Conference on Management of Data, Madison, Wisconsin, June 3-6, 2002",?,SIGMOD Conference,2002,,,,,,,,
acm,373680,Infosphere project: system support for information flow applications,"Calton Pu, Karsten Schwan, Jonathan Walpole",ACM SIGMOD Record,2001,,,,,,,,
acm,277641,Towards a theory of cost management for digital libraries and electronic commerce,"A. Prasad Sistla, Ouri Wolfson, Yelena Yesha, Robert Sloan",ACM Transactions on Database Systems (TODS),1998,,,,,,,,
acm,671862,XPERANTO: Middleware for Publishing Object-Relational Data as XML Documents,"Michael J. Carey, Jerry Kiernan, Jayavel Shanmugasundaram, Eugene J. Shekita, Subbu N. Subramanian",Very Large Data Bases,2000,,,,,,,,
dblp,conf/sigmod/BilirisP94,EOS: An Extensible Object Store,"Euthimios Panagos, Alexandros Biliris",SIGMOD Conference,1994,,,,,,,,
dblp,journals/sigmod/LenzeriniNNS01,Report on the 8th International Workshop on Knowledge Representation Meets Databases (KRDB),"Dan Suciu, Maurizio Lenzerini, Daniele Nardi, Werner Nutt",SIGMOD Record,2001,,,,,,,,
dblp,journals/sigmod/CeriKKLOSV00,SIGMOD Sister Societies,"Z. Meral Özsoyoglu, Stefano Ceri, Victor Vianu, Masaru Kitsuregawa, Leonid A. Kalinichenko, Hongjun Lu, Richard T. Snodgrass",SIGMOD Record,2000,,,,,,,,
acm,673491,SPRINT: A Scalable Parallel Classifier for Data Mining,"John C. Shafer, Rakesh Agrawal, Manish Mehta",Very Large Data Bases,1996,,,,,,,,
acm,615202,Index configuration in object-oriented databases,Elisa Bertino,The VLDB Journal &mdash, The International Journal on Very Large Data Bases,1994,,,,,,,
dblp,journals/sigmod/LeeF01,Mining System Audit Data: Opportunities and Challenges,"Wei Fan, Wenke Lee",SIGMOD Record,2001,,,,,,,,
dblp,journals/tods/Ng01,An extension of the relational data model to incorporate ordered domains,Wilfred Ng,ACM Trans. Database Syst.,2001,,,,,,,,
dblp,conf/vldb/BelussiF95,Estimating the Selectivity of Spatial Queries Using the `Correlation' Fractal Dimension,"Christos Faloutsos, Alberto Belussi",VLDB,1995,,,,,,,,
acm,672023,AgFlow: Agent-based Cross-Enterprise Workflow Management System,"Liangzhao Zeng, Boualem Benatallah, Phuong Nguyen, Anne H. H. Ngu",Very Large Data Bases,2001,,,,,,,,
dblp,journals/sigmod/MukhopadhyayGS03,An approach to confidence based page ranking for user oriented Web search,"Sanasam Ranbir Singh, Debasis Giri, Debajyoti Mukhopadhyay",SIGMOD Record,2003,,,,,,,,
acm,223876,An overview of DB2 parallel edition,"Chaitanya Baru, Gilles Fecteau",International Conference on Management of Data,1995,,,,,,,,
dblp,conf/sigmod/ZhangNDLL01,On Supporting Containment Queries in Relational Database Management Systems,"Guy M. Lohman, David J. DeWitt, Qiong Luo, Jeffrey F. Naughton, Chun Zhang",SIGMOD Conference,2001,,,,,,,,
acm,673463,Loading the Data Warehouse Across Various Parallel Architectures,Vijay V. Raghavan,Very Large Data Bases,1996,,,,,,,,
dblp,conf/sigmod/GetoorTK01,Selectivity Estimation using Probabilistic Models,"Daphne Koller, Lise Getoor, Benjamin Taskar",SIGMOD Conference,2001,,,,,,,,
acm,253384,SEMCOG: an object-based image retrieval system and its visual query interface,"Wen-Syan Li, K. Sel&#231;uk Candan, Kyoji Hirata, Yoshinori Hara",International Conference on Management of Data,1997,,,,,,,,
dblp,conf/vldb/BaumgartnerFG01,Visual Web Information Extraction with Lixto,"Georg Gottlob, Robert Baumgartner, Sergio Flesca",VLDB,2001,,,,,,,,
dblp,journals/sigmod/Snodgrass99b,Reminiscences on Influential Papers,Richard T. Snodgrass,SIGMOD Record,1999,,,,,,,,
acm,335469,Anatomy of a real E-commerce system,Anant Jhingran,International Conference on Management of Data,2000,,,,,,,,
acm,276352,Java and relational databases (tutorial): SQLJ,"Gray Clossman, Phil Shaw, Mark Hapner, Johannes Klein, Richard Pledereder, Brian Becker",International Conference on Management of Data,1998,,,,,,,,
acm,672041,Form-Based Proxy Caching for Database-Backed Web Sites,"Qiong Luo, Jeffrey F. Naughton",Very Large Data Bases,2001,,,,,,,,
dblp,conf/vldb/FuhDCMTLDRM99,Implementation of SQL3 Structured Types with Inheritance and Value Substitutability,"Nelson Mendonça Mattos, Serge Rielau, Bruce G. Lindsay, Stefan Deßloch, You-Chin Fuh, Brian T. Tran, Danko Mannhaupt, Linda DeMichel, Weidong Chen",VLDB,1999,,,,,,,,
dblp,conf/sigmod/ChaudhuriGN02,Compressing SQL workloads,"Surajit Chaudhuri, Ashish Kumar Gupta, Vivek R. Narasayya",SIGMOD Conference,2002,,,,,,,,
dblp,conf/sigmod/NestorovAM98,Extracting Schema from Semistructured Data,"Serge Abiteboul, Rajeev Motwani, Svetlozar Nestorov",SIGMOD Conference,1998,,,,,,,,
acm,615196,DECLARE and SDS: early efforts to commercialize deductive database technology,"Werner Kie&#223;ling, Helmut Schmidt, Werner Strau&#223;, Gerhard D&#252;nzinger",The VLDB Journal &mdash, The International Journal on Very Large Data Bases,1994,,,,,,,
acm,234893,On the cost of monitoring and reorganization of object bases for clustering,"Carsten A. Gerlhof, Alfons Kemper, Guido Moerkotte",ACM SIGMOD Record,1996,,,,,,,,
acm,671203,The National Medical Knowledge Bank,Warren Sterling,Very Large Data Bases,1998,,,,,,,,
acm,276353,High-dimensional index structures database support for next decade's applications (tutorial),"Stefan Berchtold, Daniel A. Keim",International Conference on Management of Data,1998,,,,,,,,
dblp,conf/vldb/NaumannLF99,Quality-driven Integration of Heterogenous Information Systems,"Johann Christoph Freytag, Felix Naumann, Ulf Leser",VLDB,1999,,,,,,,,
acm,671525,"Active Storage Hierarchy, Database Systems and Applications - Socratic Exegesis","Felipe Cari&#241;o, William O'Connell, John Burgess, Joel H. Saltz",Very Large Data Bases,1999,,,,,,,,
acm,271087,Workshop on workflow management in scientific and engineering applications-report,"R. McClatchey, G. Vossen",ACM SIGMOD Record,1997,,,,,,,,
dblp,conf/sigmod/GoyalHKMSZ97,Picture Programming Project,"Nita Goyal, Moshé M. Zloof, Charles Hoch, Michael Suckow, Ravi Krishnamurthy, Brian Meckler",SIGMOD Conference,1997,,,,,,,,
acm,673138,Procedures in Object-Oriented Query Languages,"Kazimierz Subieta, Yahiko Kambayashi, Jacek Leszczylowski",Very Large Data Bases,1995,,,,,,,,
acm,233351,Goal-oriented buffer management revisited,"Kurt P. Brown, Michael J. Carey, Miron Livny",International Conference on Management of Data,1996,,,,,,,,
dblp,conf/vldb/ZhangL97,Dynamic Memory Adjustment for External Mergesort,"Weiye Zhang, Per-Åke Larson",VLDB,1997,,,,,,,,
dblp,conf/vldb/BerckenS01,An Evaluation of Generic Bulk Loading Techniques,"Jochen Van den Bercken, Bernhard Seeger",VLDB,2001,,,,,,,,
dblp,journals/vldb/MihailaRT02,Locating and accessing data repositories with WebSemantics,"George A. Mihaila, Louiqa Raschid, Anthony Tomasic",VLDB J.,2002,,,,,,,,
acm,564706,APEX: an adaptive path index for XML data,"Chin-Wan Chung, Jun-Ki Min, Kyuseok Shim",International Conference on Management of Data,2002,,,,,,,,
acm,672198,Fast Evaluation Techniques for Complex Similarity Queries,"Klemens B&#246;hm, Michael Mlivoncic, Hans-J&#246;rg Schek, Roger Weber",Very Large Data Bases,2001,,,,,,,,
acm,223868,Research and products-are they relevant to each other? (panel session),Herb Edelstein,International Conference on Management of Data,1995,,,,,,,,
dblp,journals/tods/ChakrabartiKMP02,Locally adaptive dimensionality reduction for indexing large time series databases,"Kaushik Chakrabarti, Eamonn J. Keogh, Michael J. Pazzani, Sharad Mehrotra",ACM Trans. Database Syst.,2002,,,,,,,,
dblp,conf/vldb/Brodie00,"Panel: Future Directions of Database Research - The VLDB Broadening Strategy, Part 2",Michael L. Brodie,VLDB,2000,,,,,,,,
dblp,conf/vldb/ManolescuFKXO00,Agora: Living with XML and Relational,"Daniela Florescu, Donald Kossmann, Dan Olteanu, Ioana Manolescu, Florian Xhumari",VLDB,2000,,,,,,,,
acm,233352,Multi-dimensional resource scheduling for parallel queries,"Minos N. Garofalakis, Yannis E. Ioannidis",International Conference on Management of Data,1996,,,,,,,,
dblp,conf/vldb/TriantafillouP97,On-Demand Data Elevation in Hierarchical Multimedia Storage Servers,"Thomas Papadakis, Peter Triantafillou",VLDB,1997,,,,,,,,
dblp,conf/vldb/SakuraiYKU01,Similarity Search for Adaptive Ellipsoid Queries Using Spatial Transformation,"Yasushi Sakurai, Shunsuke Uemura, Masatoshi Yoshikawa, Ryoji Kataoka",VLDB,2001,,,,,,,,
acm,280349,databases and visualization,Daniel A. Keim,International Conference on Management of Data,1996,,,,,,,,
dblp,conf/vldb/LuOT94,On Spatially Partitioned Temporal Join,"Beng Chin Ooi, Kian-Lee Tan, Hongjun Lu",VLDB,1994,,,,,,,,
acm,304190,Efficient concurrency control for broadcast environments,"Jayavel Shanmugasundaram, Arvind Nithrakashyap, Rajendran Sivasankaran, Krithi Ramamritham",International Conference on Management of Data,1999,,,,,,,,
acm,765535,Integrating reliable memory in databases,"Wee Teck Ng, Peter M. Chen",The VLDB Journal &mdash, The International Journal on Very Large Data Bases,1998,,,,,,,
dblp,conf/vldb/SubietaKL95,Procedures in Object-Oriented Query Languages,"Kazimierz Subieta, Jacek Leszczylowski, Yahiko Kambayashi",VLDB,1995,,,,,,,,
dblp,journals/sigmod/MaximilienS02,Conceptual Model of Web Service Reputation,"Munindar P. Singh, E. Michael Maximilien",SIGMOD Record,2002,,,,,,,,
dblp,conf/vldb/ShengBDM02,SELF-SERV: A Platform for Rapid Composition of Web Services in a Peer-to-Peer Environment,"Eileen Oi-Yan Mak, Quan Z. Sheng, Boualem Benatallah, Marlon Dumas",VLDB,2002,,,,,,,,
acm,765506,Supporting efficient multimedia database exploration,"Wen-Syan Li, K.Sel&#231;uk Candan, Kyoji Hirata, Yoshinori Hara",The VLDB Journal &mdash, The International Journal on Very Large Data Bases,2001,,,,,,,
dblp,journals/vldb/RamamrithamC96,A Taxonomy of Correctness Criteria in Database Applications,"Krithi Ramamritham, Panos K. Chrysanthis",VLDB J.,1996,,,,,,,,
acm,174640,A taxonomy for secure object-oriented databases,"Martin S. Olivier, Sebastiaan H. von Solms",ACM Transactions on Database Systems (TODS),1994,,,,,,,,
acm,375764,Securing XML documents: the author-X project demonstration,"Elisa Bertino, Silvana Castano, Elena Ferrari",International Conference on Management of Data,2001,,,,,,,,
acm,767096,Locating and accessing data repositories with WebSemantics,"George A. Mihaila, Louiqa Raschid, Anthony Tomasic",The VLDB Journal &mdash, The International Journal on Very Large Data Bases,2002,,,,,,,
acm,777003,Career forum,Alexandros Labrinidis,ACM SIGMOD Record,2003,,,,,,,,
dblp,journals/sigmod/BurtonM98,Applications of the JAVA Programming Language to Database Management,"V. Wiktor Marek, Bradley F. Burton",SIGMOD Record,1998,,,,,,,,
acm,185828,Automatic generation of production rules for integrity maintenance,"Stefano Ceri, Piero Fraternali, Stefano Paraboschi, Letizia Tanca",ACM Transactions on Database Systems (TODS),1994,,,,,,,,
acm,310075,"SQL: 1999, formerly known as SQL3","Andrew Eisenberg, Jim Melton",ACM SIGMOD Record,1999,,,,,,,,
dblp,journals/vldb/Baumann94,Management of Multidimensional Discrete Data,Peter Baumann,VLDB J.,1994,,,,,,,,
dblp,journals/tods/EiterLLS01,Probabilistic object bases,"Thomas Eiter, V. S. Subrahmanian, Thomas Lukasiewicz, James J. Lu",ACM Trans. Database Syst.,2001,,,,,,,,
dblp,journals/sigmod/EisenbergM98,Standards in Practice,"Jim Melton, Andrew Eisenberg",SIGMOD Record,1998,,,,,,,,
acm,670993,Fast Computation of Sparse Datacubes,"Kenneth A. Ross, Divesh Srivastava",Very Large Data Bases,1997,,,,,,,,
dblp,journals/vldb/AbiteboulB95,The Power of Languages for the Manipulation of Complex Values,"Serge Abiteboul, Catriel Beeri",VLDB J.,1995,,,,,,,,
dblp,conf/sigmod/ShintaniK98,Parallel Mining Algorithms for Generalized Association Rules with Classification Hierarchy,"Masaru Kitsuregawa, Takahiko Shintani",SIGMOD Conference,1998,,,,,,,,
dblp,conf/vldb/MorimotoIM97,Efficient Construction of Regression Trees with Range and Region Splitting,"Shinichi Morishita, Yasuhiko Morimoto, Hiromu Ishii",VLDB,1997,,,,,,,,
dblp,conf/sigmod/MaratheS99,Query Processing Techniques for Arrays,"Kenneth Salem, Arunprasad P. Marathe",SIGMOD Conference,1999,,,,,,,,
dblp,conf/sigmod/BaruFGHJPW95,An Overview of DB2 Parallel Edition,"Walter G. Wilson, Ambuj Goyal, Sriram Padmanabhan, Gilles Fecteau, Anant Jhingran, Chaitanya K. Baru, Hui-I Hsiao",SIGMOD Conference,1995,,,,,,,,
dblp,conf/vldb/BridgeJKLLM97,The Oracle Universal Server Buffer,"Ashok Joshi, N. MacNaughton, Juan Loaiza, M. Keihl, Tirthankar Lahiri, William Bridge",VLDB,1997,,,,,,,,
dblp,conf/sigmod/CallanCD99,Automatic Discovery of Language Models for Text Databases,"Aiqun Du, James P. Callan, Margaret E. Connell",SIGMOD Conference,1999,,,,,,,,
acm,764214,Functional-join processing,"R. Braumandl, J. Claussen, A. Kemper, D. Kossmann",The VLDB Journal &mdash, The International Journal on Very Large Data Bases,2000,,,,,,,
acm,187458,Medical information systems: characterization and challenges,"Jorge C. G. Ramirez, Lon A. Smith, Lynn L. Peterson",ACM SIGMOD Record,1994,,,,,,,,
acm,564726,Efficient algorithms for minimizing tree pattern queries,Prakash Ramanan,International Conference on Management of Data,2002,,,,,,,,
dblp,conf/sigmod/JohnsonD03,Data Quality and Data Cleaning: An Overview,"Theodore Johnson, Tamraparni Dasu",SIGMOD Conference,2003,,,,,,,,
dblp,journals/tods/Bohm00,A cost model for query processing in high dimensional data spaces,Christian Böhm,ACM Trans. Database Syst.,2000,,,,,,,,
acm,233348,An open abstract-object storage system,"Stephen Blott, Lukas Relly, Hans-J&#246;rg Schek",International Conference on Management of Data,1996,,,,,,,,
dblp,conf/sigmod/2003,"Proceedings of the 2003 ACM SIGMOD International Conference on Management of Data, San Diego, California, USA, June 9-12, 2003",?,SIGMOD Conference,2003,,,,,,,,
acm,672175,Storage and Querying of E-Commerce Data,"Rakesh Agrawal, Amit Somani, Yirong Xu",Very Large Data Bases,2001,,,,,,,,
dblp,conf/sigmod/LiC95,Semint: A System Prototype for Semantic Integration in Heterogeneous Databases,"Wen-Syan Li, Chris Clifton",SIGMOD Conference,1995,,,,,,,,
dblp,conf/vldb/JohnsonM98,Performance Measurements of Tertiary Storage Devices,"Ethan L. Miller, Theodore Johnson",VLDB,1998,,,,,,,,
acm,262769,Report on DART '96: databases: active and real-time (concepts meet practice),"Krithi Ramamritham, Nandit Soparkar",ACM SIGMOD Record,1997,,,,,,,,
dblp,conf/sigmod/CareyMN97,"Object-Relational Database Systems: Principles, Products, and Challenges (Tutorial)","Michael J. Carey, Anil Nori, Nelson Mendonça Mattos",SIGMOD Conference,1997,,,,,,,,
dblp,conf/vldb/AgrawalPWZ95,Querying Shapes of Histories,"Mohamed Zaït, Giuseppe Psaila, Edward L. Wimmers, Rakesh Agrawal",VLDB,1995,,,,,,,,
acm,872842,CMVF: a novel dimension reduction scheme for efficient indexing in a large image database,"Jialie Shen, Anne H. H. Ngu, John Shepherd, Du Q. Huynh, Quan Z. Sheng",International Conference on Management of Data,2003,,,,,,,,
acm,276346,Memory management during run generation in external sorting,"Per-&#197;ke Larson, Goetz Graefe",International Conference on Management of Data,1998,,,,,,,,
acm,872826,A framework for diagnosing changes in evolving data streams,Charu C. Aggarwal,International Conference on Management of Data,2003,,,,,,,,
acm,293152,An efficient method for checking object-oriented database schema correctness,"A. Formica, H. D. Groger, M. Missikoff",ACM Transactions on Database Systems (TODS),1998,,,,,,,,
acm,673149,L/MRP: A Buffer Management Strategy for Interactive Continuous Data Flows in a Multimedia DBMS,"Frank Moser, Achim Kraiss, Wolfgang Klas",Very Large Data Bases,1995,,,,,,,,
acm,615229,Themis: a database programming language handling integrity constraints,"V&#233;ronique Benzaken, Anne Doucet",The VLDB Journal &mdash, The International Journal on Very Large Data Bases,1995,,,,,,,
dblp,conf/sigmod/AdelbergGW97,The STRIP Rule System For Efficiently Maintaining Derived Data,"Hector Garcia-Molina, Jennifer Widom, Brad Adelberg",SIGMOD Conference,1997,,,,,,,,
acm,223807,The merge/purge problem for large databases,"Mauricio A. Hern&#225;ndez, Salvatore J. Stolfo",International Conference on Management of Data,1995,,,,,,,,
dblp,conf/vldb/FaloutsosG96,Analysis of n-Dimensional Quadtrees using the Hausdorff Fractal Dimension,"Christos Faloutsos, Volker Gaede",VLDB,1996,,,,,,,,
dblp,conf/vldb/GravanoIJKMS01,Approximate String Joins in a Database (Almost) for Free,"Luis Gravano, H. V. Jagadish, Panagiotis G. Ipeirotis, S. Muthukrishnan, Divesh Srivastava, Nick Koudas",VLDB,2001,,,,,,,,
dblp,journals/sigmod/RamamrithamS97,Report on DART '96: Databases: Active and Real-Time (Concepts meet Practice),"Nandit Soparkar, Krithi Ramamritham",SIGMOD Record,1997,,,,,,,,
dblp,conf/vldb/Campbell99,"The New Locking, Logging, and Recovery Architecture of Microsoft SQL Server 7.0",David Campbell,VLDB,1999,,,,,,,,
dblp,conf/sigmod/AbiteboulBCMM03,Dynamic XML documents with distribution and replication,"Ioana Manolescu, Serge Abiteboul, Tova Milo, Angela Bonifati, Gregory Cobena",SIGMOD Conference,2003,,,,,,,,
dblp,conf/vldb/SimonD95,Promises and Realities of Active Database Systems,"Eric Simon, Angelika Kotz Dittrich",VLDB,1995,,,,,,,,
dblp,conf/sigmod/WangWYY02,Clustering by pattern similarity in large data sets,"Haixun Wang, Wei Wang, Philip S. Yu, Jiong Yang",SIGMOD Conference,2002,,,,,,,,
dblp,conf/vldb/JarkeKL00,The Challenge of Process Data Warehousing,"Matthias Jarke, Jörg Köller, Thomas List",VLDB,2000,,,,,,,,
dblp,journals/vldb/GibsonKR00,Clustering Categorical Data: An Approach Based on Dynamical Systems,"David Gibson, Jon M. Kleinberg, Prabhakar Raghavan",VLDB J.,2000,,,,,,,,
dblp,journals/sigmod/WenLMZ03,A Multi-paradigm Querying Approach for a Generic Multimedia Database Management System,"Ji-Rong Wen, Qing Li, Wei-Ying Ma, HongJiang Zhang",SIGMOD Record,2003,,,,,,,,
dblp,conf/sigmod/ChaudhuriMN98,Random Sampling for Histogram Construction: How much is enough?,"Vivek R. Narasayya, Rajeev Motwani, Surajit Chaudhuri",SIGMOD Conference,1998,,,,,,,,
dblp,conf/vldb/BargaP95,A Practical and Modular Implementation of Extended Transaction Models,"Roger S. Barga, Calton Pu",VLDB,1995,,,,,,,,
dblp,conf/sigmod/OConnellISWABCCLPWW96,A Content-Based Multimedia Server for Massively Parallel Architectures,"C. Watson, G. Linderman, Euthimios Panagos, T. Walters, Ion Tim Ieong, Alexandros Biliris, J. Wang, S. Choo, David Schrader, P. Colin, William O'Connell, Grace Au",SIGMOD Conference,1996,,,,,,,,
acm,672969,An Effective Deductive Object-Oriented Database Through Language Integration,"Maria L. Barja, Norman W. Paton, Alvaro A. A. Fernandes, M. Howard Williams, Andrew Dinn",Very Large Data Bases,1994,,,,,,,,
acm,223862,High availability of commercial applications,Kestutis Ivinskis,International Conference on Management of Data,1995,,,,,,,,
dblp,conf/sigmod/RundensteinerKZWLLN99,Evolvable View Environment (EVE): Non-Equivalent View Maintenance under Schema Changes,"Andreas Koeller, Amy J. Lee, Xin Zhang, Anisoara Nica, Elke A. Rundensteiner, Amber van Wyk, Yong Li",SIGMOD Conference,1999,,,,,,,,
dblp,conf/vldb/ShethKMWDLPLS96,Supporting State-Wide Immunisation Tracking Using Multi-Paradigm Workflow Technology,"Devashish Worah, Souvik Das, Ivan Shevchenko, Amit P. Sheth, John A. Miller, Chenye Lin, Devanand Palaniswami, Krys Kochut, John Lynch",VLDB,1996,,,,,,,,
dblp,conf/vldb/LiCHH97,Facilitating Multimedia Database Exploration through Visual Interfaces and Perpetual Query Reformulations,"Kyoji Hirata, Yoshinori Hara, Wen-Syan Li, K. Selçuk Candan",VLDB,1997,,,,,,,,
dblp,journals/sigmod/Gal99,Semantic Interoperability in Information Services: Experiencing with CoopWARE,Avigdor Gal,SIGMOD Record,1999,,,,,,,,
acm,671330,RainForest - A Framework for Fast Decision Tree Construction of Large Datasets,"Johannes Gehrke, Raghu Ramakrishnan, Venkatesh Ganti",Very Large Data Bases,1998,,,,,,,,
dblp,journals/sigmod/BonifatiC00,Comparative Analysis of Five XML Query Languages,"Angela Bonifati, Stefano Ceri",SIGMOD Record,2000,,,,,,,,
acm,344822,Comparative analysis of five XML query languages,"Angela Bonifati, Stefano Ceri",ACM SIGMOD Record,2000,,,,,,,,
acm,236712,Model and verification of a data manager based on ARIES,Dean Kuo,ACM Transactions on Database Systems (TODS),1996,,,,,,,,
acm,564749,Coordinating backup/recovery and data consistency between database and file systems,"Suparna Bhattacharya, C. Mohan, Karen W. Brannon, Inderpal Narang, Hui-I Hsiao, Mahadevan Subramanian",International Conference on Management of Data,2002,,,,,,,,
dblp,conf/sigmod/AtzeniT97,MDM: a Multiple-Data-Model Tool for the Management of Heterogeneous Database Schemes,"Paolo Atzeni, Riccardo Torlone",SIGMOD Conference,1997,,,,,,,,
acm,233324,BIRCH: an efficient data clustering method for very large databases,"Tian Zhang, Raghu Ramakrishnan, Miron Livny",International Conference on Management of Data,1996,,,,,,,,
acm,191970,XSB as a deductive database,"Konstantinos Sagonas, Terrance Swift, David S. Warren",International Conference on Management of Data,1994,,,,,,,,
dblp,journals/sigmod/Fankhauser01,XQuery Formal Semantics: State and Challenges,Peter Fankhauser,SIGMOD Record,2001,,,,,,,,
dblp,conf/sigmod/Hellerstein00,Index Research: Forest or Trees? (Panel Abstract),Joseph M. Hellerstein,SIGMOD Conference,2000,,,,,,,,
dblp,conf/sigmod/LaursenOP94,Oracle Media Server: Providing Consumer Based Interactive Access to Multimedia Data,"Mark Porter, Andrew Laursen, Jeffrey Olkin",SIGMOD Conference,1994,,,,,,,,
dblp,conf/sigmod/Aggarwal02,"Hierarchical subspace sampling: a unified framework for high dimensional data reduction, selectivity estimation and nearest neighbor search",Charu C. Aggarwal,SIGMOD Conference,2002,,,,,,,,
dblp,conf/vldb/DeenJNNW00,A 20/20 Vision of the VLDB-2020?,"Shamkant B. Navathe, Erich J. Neuhold, Gio Wiederhold, Anant Jhingran, S. Misbah Deen",VLDB,2000,,,,,,,,
dblp,conf/vldb/GarofalakisG02,Querying and Mining Data Streams: You Only Get One Look,"Minos N. Garofalakis, Johannes Gehrke",VLDB,2002,,,,,,,,
dblp,conf/vldb/CiliaHB02,Profiling and Internet Connectivity in Automotive Environments,"P. Hasselmayer, Mariano Cilia, Alejandro P. Buchmann",VLDB,2002,,,,,,,,
acm,672825,Content-Based Image Indexing,Tzi-cker Chiueh,Very Large Data Bases,1994,,,,,,,,
acm,335459,Going beyond personalization: rule engines at work,Eric Kintzer,International Conference on Management of Data,2000,,,,,,,,
acm,304194,Querying network directories,"H. V. Jagadish, Laks V. S. Lakshmanan, Tova Milo, Divesh Srivastava, Dimitra Vista",International Conference on Management of Data,1999,,,,,,,,
dblp,conf/vldb/AbiteboulBBCCDMMP03,Managing Distributed Workspaces with Active XML,"Angela Bonifati, Cosmin Cremarenco, Tova Milo, Gregory Cobena, Ioana Manolescu, Florin Dragan, Jérôme Baumgarten, Nicoleta Preda, Serge Abiteboul",VLDB,2003,,,,,,,,
dblp,journals/sigmod/ChangASS98,T2: A Customizable Parallel Database for Multi-Dimensional Data,"Alan Sussman, Anurag Acharya, Joel H. Saltz, Chialin Chang",SIGMOD Record,1998,,,,,,,,
acm,248617,Query previews for networked information systems: a case study with NASA environmental data,"Khoa Doan, Catherine Plaisant, Ben Shneiderman, Tom Bruns",ACM SIGMOD Record,1997,,,,,,,,
acm,671170,On the Discovery of Interesting Patterns in Association Rules,"Sridhar Ramaswamy, Sameer Mahajan, Abraham Silberschatz",Very Large Data Bases,1998,,,,,,,,
acm,673669,Fast Incremental Maintenance of Approximate Histograms,"Phillip B. Gibbons, Yossi Matias, Viswanath Poosala",Very Large Data Bases,1997,,,,,,,,
acm,335384,Density biased sampling: an improved method for data mining and clustering,"Christopher R. Palmer, Christos Faloutsos",International Conference on Management of Data,2000,,,,,,,,
dblp,journals/tods/GutingBEJLSV00,A foundation for representing and quering moving objects,"Michael H. Böhlen, Christian S. Jensen, Michalis Vazirgiannis, Nikos A. Lorentzos, Markus Schneider, Ralf Hartmut Güting, Martin Erwig",ACM Trans. Database Syst.,2000,,,,,,,,
dblp,conf/vldb/SistlaYH94,Reasoning About Spatial Relationships in Picture Retrieval Systems,"Clement T. Yu, A. Prasad Sistla, R. Haddad",VLDB,1994,,,,,,,,
acm,777946,On the computation of relational view complements,"Jens Lechtenb&#246;rger, Gottfried Vossen",ACM Transactions on Database Systems (TODS),2003,,,,,,,,
dblp,journals/vldb/GeorgakopoulosRL94,Chronological Scheduling of Transactions with Temporal Dependencies,"Marek Rusinkiewicz, Dimitrios Georgakopoulos, Witold Litwin",VLDB J.,1994,,,,,,,,
dblp,conf/vldb/ShivakumarGC98,Filtering with Approximate Predicates,"Hector Garcia-Molina, Narayanan Shivakumar, Chandra Chekuri",VLDB,1998,,,,,,,,
acm,671340,Scalable Sweeping-Based Spatial Join,"Lars Arge, Octavian Procopiuc, Sridhar Ramaswamy, Torsten Suel, Jeffrey Scott Vitter",Very Large Data Bases,1998,,,,,,,,
dblp,conf/sigmod/GibbonsM98,New Sampling-Based Summary Statistics for Improving Approximate Query Answers,"Phillip B. Gibbons, Yossi Matias",SIGMOD Conference,1998,,,,,,,,
dblp,journals/sigmod/RashidS00,Object Database Evolution Using Separation of Concerns,"Peter Sawyer, Awais Rashid",SIGMOD Record,2000,,,,,,,,
acm,273264,T2: a customizable parallel database for multi-dimensional data,"Chialin Chang, Anurag Acharya, Alan Sussman, Joel Saltz",ACM SIGMOD Record,1998,,,,,,,,
dblp,conf/vldb/JagadishKMPSS98,Optimal Histograms with Quality Guarantees,"S. Muthukrishnan, H. V. Jagadish, Kenneth C. Sevcik, Torsten Suel, Nick Koudas, Viswanath Poosala",VLDB,1998,,,,,,,,
acm,564697,Rate-based query optimization for streaming information sources,"Stratis D. Viglas, Jeffrey F. Naughton",International Conference on Management of Data,2002,,,,,,,,
dblp,journals/sigmod/Baeza-YatesN96,Integrating Contents and Structure in Text Retrieval,"Gonzalo Navarro, Ricardo A. Baeza-Yates",SIGMOD Record,1996,,,,,,,,
acm,672374,Analyzing energy behavior of spatial access methods for memory-resident data,"Ning An, Anand Sivasubramaniam, Narayanan Vijaykrishnan, Mahmut T. Kandemir, Mary Jane Irwin, Sudhanva Gurumurthi",Very Large Data Bases,2001,,,,,,,,
dblp,journals/sigmod/RossAJS02,Reminiscences on Influential Papers,"Theodore Johnson, Amr El Abbadi, Richard T. Snodgrass, Kenneth A. Ross",SIGMOD Record,2002,,,,,,,,
acm,277954,Keynote address,Larry J. Ellison,International Conference on Management of Data,1995,,,,,,,,
dblp,conf/vldb/GoodmanRS94,Building a Laboratory Information System Around a C++-Based Object-Oriented DBMS,"Nathan Goodman, Steve Rozen, Lincoln Stein",VLDB,1994,,,,,,,,
acm,872846,GridDB: a relational interface for the grid,"David T. Liu, Michael J. Franklin, Devesh Parekh",International Conference on Management of Data,2003,,,,,,,,
acm,310066,The OASIS multidatabase prototype,"Mark Roantree, John Murphy, Wilhelm Hasselbring",ACM SIGMOD Record,1999,,,,,,,,
dblp,journals/sigmod/GobleR02,Report on the 18th British National Conference on Databases (BNCOD),"Carole A. Goble, Brian J. Read",SIGMOD Record,2002,,,,,,,,
acm,765238,Optimizing database architecture for the new bottleneck: memory access,"Stefan Manegold, Peter A. Boncz, Martin L. Kersten",The VLDB Journal &mdash, The International Journal on Very Large Data Bases,2000,,,,,,,
acm,564758,The SDSS skyserver: public access to the sloan digital sky server data,"Alexander S. Szalay, Jim Gray, Ani R. Thakar, Peter Z. Kunszt, Tanu Malik, Jordan Raddick, Christopher Stoughton, Jan vandenBerg",International Conference on Management of Data,2002,,,,,,,,
acm,601876,Standards,Jim Melton,ACM SIGMOD Record,2002,,,,,,,,
acm,767095,Searching in metric spaces by spatial approximation,Gonzalo Navarro,The VLDB Journal &mdash, The International Journal on Very Large Data Bases,2002,,,,,,,
acm,191889,Distributed file organization with scalable cost/performance,"Radek Vingralek, Yuri Breitbart, Gerhard Weikum",International Conference on Management of Data,1994,,,,,,,,
acm,673647,Innovation in Database Management: Computer Science vs. Engineering,Kenneth R. Jacobs,Very Large Data Bases,1997,,,,,,,,
dblp,journals/sigmod/ChrysanthisSZ03,Report on the 4th International Conference on Mobile Data Management,"Panos K. Chrysanthis, Arkady B. Zaslavsky, Morris Sloman",SIGMOD Record,2003,,,,,,,,
dblp,journals/tods/MumickFPR96,Magic Conditions,"Hamid Pirahesh, Inderpal Singh Mumick, Raghu Ramakrishnan, Sheldon J. Finkelstein",ACM Trans. Database Syst.,1996,,,,,,,,
acm,507356,What will be,Michael Dertouzos,ACM SIGMOD Record,2002,,,,,,,,
dblp,journals/sigmod/Zhang95,Application of OODB and SGML Techniques in Text Database: An Electronic Dictionary System,Jian Zhang,SIGMOD Record,1995,,,,,,,,
acm,202667,The third manifesto,"Hugh Darwen, C. J. Date",ACM SIGMOD Record,1995,,,,,,,,
dblp,journals/sigmod/BergamaschiCV99,Semantic Integration of Semistructured and Structured Data Sources,"Sonia Bergamaschi, Maurizio Vincini, Silvana Castano",SIGMOD Record,1999,,,,,,,,
dblp,conf/sigmod/GarofalakisRRS99,"Of Crawlers, Portals, Mice and Men: Is there more to Mining the Web? (Panel)","Kyuseok Shim, Rajeev Rastogi, Minos N. Garofalakis, Sridhar Ramaswamy",SIGMOD Conference,1999,,,,,,,,
dblp,journals/tods/MamoulisP01,Multiway spatial joins,"Dimitris Papadias, Nikos Mamoulis",ACM Trans. Database Syst.,2001,,,,,,,,
dblp,conf/vldb/MeekPK03,OASIS: An Online and Accurate Technique for Local-alignment Searches on Biological Sequences,"Shruti Kasetty, Colin Meek, Jignesh M. Patel",VLDB,2003,,,,,,,,
acm,375666,Iceberg-cube computation with PC clusters,"Raymond T. Ng, Alan Wagner, Yu Yin",International Conference on Management of Data,2001,,,,,,,,
acm,671697,Mining Frequent Itemsets Using Support Constraints,"Ke Wang, Yu He, Jiawei Han",Very Large Data Bases,2000,,,,,,,,
acm,191932,Sybase replication server,"Alex Gorelik, Yongdong Wang, Mark Deppe",International Conference on Management of Data,1994,,,,,,,,
acm,181560,A consensus glossary of temporal database concepts,"Curtis Dyreson, Fabio Grandi, Wolfgang K&#228;fer, Nick Kline, Nikos Lorentzos, Yannis Mitsopoulos, Angelo Montanari, Daniel Nonen, Elisa Peressi, Barbara Pernici, John F. Roddick, Nandlal L. Sarda, Maria Rita Scalas, Arie Segev, Richard Thomas Snodgrass, Mike D. Soo, Abdullah Tansel, Paolo Tiberio, Gio Wiederhold",ACM SIGMOD Record,1994,,,,,,,,
dblp,conf/sigmod/Golding95,Things Every Update Replication Customer Should Know,Rob Golding,SIGMOD Conference,1995,,,,,,,,
acm,764223,Optimizing multiple dimensional queries simultaneously in multidimensional databases,"Weifa Liang, Maria E. Orlowska, Jeffrey X. Yu",The VLDB Journal &mdash, The International Journal on Very Large Data Bases,2000,,,,,,,
dblp,journals/sigmod/Bernstein01,Report on the 2001 SIGMOD and PODS Awards,Philip A. Bernstein,SIGMOD Record,2001,,,,,,,,
dblp,conf/sigmod/IpeirotisGS01,"Probe, Count, and Classify: Categorizing Hidden Web Databases","Mehran Sahami, Panagiotis G. Ipeirotis, Luis Gravano",SIGMOD Conference,2001,,,,,,,,
dblp,journals/sigmod/BargaL02,Phoenix Project: Fault-Tolerant Applications,"Roger S. Barga, David B. Lomet",SIGMOD Record,2002,,,,,,,,
acm,671331,MindReader: Querying Databases Through Multiple Examples,"Yoshiharu Ishikawa, Ravishankar Subramanya, Christos Faloutsos",Very Large Data Bases,1998,,,,,,,,
acm,335465,Handling very large databases with informix extended parallel server,Andreas Weininger,International Conference on Management of Data,2000,,,,,,,,
dblp,journals/vldb/AnGSVKI02,Energy-performance trade-offs for spatial access methods on memory-resident data,"Mahmut T. Kandemir, Ning An, Mary Jane Irwin, Anand Sivasubramaniam, Sudhanva Gurumurthi, Narayanan Vijaykrishnan",VLDB J.,2002,,,,,,,,
acm,758376,Author Index,,Very Large Data Bases,2000,,,,,,,,
dblp,conf/sigmod/GillmannWSWW00,A Goal-driven Auto-Configuration Tool for the Distributed Workflow Management System Mentor-lite,"German Shegalov, Gerhard Weikum, Wolfgang Wonner, Michael Gillmann, Jeanine Weißenfels",SIGMOD Conference,2000,,,,,,,,
acm,191884,AlphaSort: a RISC machine sort,"Chris Nyberg, Tom Barclay, Zarka Cvetanovic, Jim Gray, Dave Lomet",International Conference on Management of Data,1994,,,,,,,,
acm,765541,Approximate similarity retrieval with M-trees,"Pavel Zezula, Pasquale Savino, Giuseppe Amato, Fausto Rabitti",The VLDB Journal &mdash, The International Journal on Very Large Data Bases,1998,,,,,,,
acm,375673,Mining needle in a haystack: classifying rare classes via two-phase rule induction,"Mahesh V. Joshi, Ramesh C. Agarwal, Vipin Kumar",International Conference on Management of Data,2001,,,,,,,,
dblp,conf/sigmod/Seshadri03,Building Notification Services with Microsoft SQLServer,Praveen Seshadri,SIGMOD Conference,2003,,,,,,,,
acm,671175,DataBlitz: A High Performance Main-Memory Storage Manager,"Jerry Baulier, Philip Bohannon, S. Gogate, S. Joshi, C. Gupta, A. Khivesera, Henry F. Korth, Peter McIlroy, J. Miller, P. P. S. Narayan, M. Nemeth, Rajeev Rastogi, Abraham Silberschatz, S. Sudarshan",Very Large Data Bases,1998,,,,,,,,
dblp,conf/vldb/ZengBNN01,AgFlow: Agent-based Cross-Enterprise Workflow Management System,"Boualem Benatallah, Anne H. H. Ngu, Phuong Nguyen, Liangzhao Zeng",VLDB,2001,,,,,,,,
acm,375665,On computing correlated aggregates over continual data streams,"Johannes Gehrke, Flip Korn, Divesh Srivastava",International Conference on Management of Data,2001,,,,,,,,
dblp,conf/vldb/SchaeferBBJ00,Controlling Data Warehouses with Knowledge Networks,"Jan-Dirk Becker, Matthias Jarke, Andreas Boehmer, Elvira Schaefer",VLDB,2000,,,,,,,,
acm,245886,"In reply to Domains, relations and religious wars",Hugh Darwen,ACM SIGMOD Record,1996,,,,,,,,
acm,375664,Efficient computation of Iceberg cubes with complex measures,"Jiawei Han, Jian Pei, Guozhu Dong, Ke Wang",International Conference on Management of Data,2001,,,,,,,,
dblp,conf/vldb/GardarinGT95,A Cost Model for Clustered Object-Oriented Databases,"Zhao-Hui Tang, Jean-Robert Gruser, Georges Gardarin",VLDB,1995,,,,,,,,
dblp,journals/tods/ChrysanthisR94,Synthesis of Extended Transaction Models Using ACTA,"Panos K. Chrysanthis, Krithi Ramamritham",ACM Trans. Database Syst.,1994,,,,,,,,
acm,764201,TIMBER: A native XML database,"H. V. Jagadish, S. Al-Khalifa, A. Chapman, L. V. S. Lakshmanan, A. Nierman, S. Paparizos, J. M. Patel, D. Srivastava, N. Wiwatwattana, Y. Wu, C. Yu",The VLDB Journal &mdash, The International Journal on Very Large Data Bases,2002,,,,,,,
acm,671679,The Evolution of the Web and Implications for an Incremental Crawler,"Junghoo Cho, Hector Garcia-Molina",Very Large Data Bases,2000,,,,,,,,
acm,672177,An Extendible Hash for Multi-Precision Similarity Querying of Image Databases,"Shu Lin, M. Tamer &#214;zsu, Vincent Oria, Raymond T. Ng",Very Large Data Bases,2001,,,,,,,,
acm,615237,AlphaSort: a cache-sensitive parallel external sort,"Chris Nyberg, Tom Barclay, Zarka Cvetanovic, Jim Gray, Dave Lomet",The VLDB Journal &mdash, The International Journal on Very Large Data Bases,1995,,,,,,,
dblp,conf/sigmod/HristidisKP01,PREFER: A System for the Efficient Execution of Multi-parametric Ranked Queries,"Yannis Papakonstantinou, Vagelis Hristidis, Nick Koudas",SIGMOD Conference,2001,,,,,,,,
acm,276364,A data mining application: customer retention at the Port of Singapore Authority (PSA),"KianSing Ng, Huan Liu, HweeBong Kwah",International Conference on Management of Data,1998,,,,,,,,
dblp,journals/vldb/SivasankaranSTPR96,Priority Assignment in Real-Time Active Databases,"Rajendran M. Sivasankaran, Bhaskar Purimetla, John A. Stankovic, Krithi Ramamritham, Donald F. Towsley",VLDB J.,1996,,,,,,,,
acm,333612,On mutli-resolution document transmission in mobile Web,"Stanley M. T. Yau, Hong Va Leong, Dennis McLeod, Antonio Si",ACM SIGMOD Record,1999,,,,,,,,
dblp,conf/sigmod/BergstraesserBPS99,Versions and Workspaces in Microsoft Repository,"Shankar Pal, Thomas Bergstraesser, Philip A. Bernstein, David Shutt",SIGMOD Conference,1999,,,,,,,,
dblp,journals/sigmod/PitouraAPSV03,DBGlobe: a service-oriented P2P system for global computing,"Evaggelia Pitoura, Serge Abiteboul, Michalis Vazirgiannis, Dieter Pfoser, George Samaras",SIGMOD Record,2003,,,,,,,,
dblp,journals/tods/LitwinN96,"LH* - A Scalable, Distributed Data Structure","Donovan A. Schneider, Marie-Anne Neimat, Witold Litwin",ACM Trans. Database Syst.,1996,,,,,,,,
dblp,journals/sigmod/RosenthalHRS97,A Consumer Viewpoint on Mediator Languages - a Proposal for a Standard,"Eric Hughes, Leonard J. Seligman, Arnon Rosenthal, Scott Renner",SIGMOD Record,1997,,,,,,,,
dblp,conf/vldb/PolyzotisG02,Structure and Value Synopses for XML Data Graphs,"Neoklis Polyzotis, Minos N. Garofalakis",VLDB,2002,,,,,,,,
dblp,conf/vldb/Bowker00,Work and Information Practices in the Sciences of Biodiversity,Geoffrey C. Bowker,VLDB,2000,,,,,,,,
dblp,conf/sigmod/WhiteD94,QuickStore: A High Performance Mapped Object Store,"David J. DeWitt, Seth J. White",SIGMOD Conference,1994,,,,,,,,
acm,872825,Adaptive filters for continuous queries over distributed data streams,"Chris Olston, Jing Jiang, Jennifer Widom",International Conference on Management of Data,2003,,,,,,,,
dblp,conf/vldb/CotterB00,Biodiversity Informatics Infrastructure: An Information Commons for the Biodiversity Community,"Barbara T. Bauldock, Gladys A. Cotter",VLDB,2000,,,,,,,,
dblp,journals/sigmod/Suciu01,On Database Theory and XML,Dan Suciu,SIGMOD Record,2001,,,,,,,,
acm,219737,View maintenance in mobile computing,"Ouri Wolfson, Prasad Sistla, Son Dao, Kailash Narayanan, Ramya Raj",ACM SIGMOD Record,1995,,,,,,,,
dblp,conf/vldb/Mohan02a,An Efficient Method for Performing Record Deletions and Updates Using Index Scans,C. Mohan,VLDB,2002,,,,,,,,
dblp,conf/sigmod/ArasuBBDIRW03,STREAM: The Stanford Stream Data Manager,"Jennifer Widom, Mayur Datar, Shivnath Babu, Justin Rosenstein, Itaru Nishizawa, Arvind Arasu, Keith Ito, Brian Babcock",SIGMOD Conference,2003,,,,,,,,
acm,671201,Incremental Clustering for Mining in a Data Warehousing Environment,"Martin Ester, Hans-Peter Kriegel, J&#246;rg Sander, Michael Wimmer, Xiaowei Xu",Very Large Data Bases,1998,,,,,,,,
dblp,journals/sigmod/YaoG02,The Cougar Approach to In-Network Query Processing in Sensor Networks,"Johannes Gehrke, Yong Yao",SIGMOD Record,2002,,,,,,,,
dblp,conf/sigmod/AbadiC02,Visual COKO: a debugger for query optimizer development,"Daniel J. Abadi, Mitch Cherniack",SIGMOD Conference,2002,,,,,,,,
acm,672182,Aggregate Maintenance for Data Warehousing in Informix Red Brick Vista,"Craig J. Bunker, Latha S. Colby, Richard L. Cole, William J. McKenna, Gopal Mulagund, David Wilhite",Very Large Data Bases,2001,,,,,,,,
acm,673634,The Design and Implementation of a Sequence Database System,"Praveen Seshadri, Miron Livny, Raghu Ramakrishnan",Very Large Data Bases,1996,,,,,,,,
acm,304571,DBIS-toolkit: adaptable middleware for large scale data delivery,"Mehmet Altinel, Demet Aksoy, Thomas Baby, Michael Franklin, William Shapiro, Stan Zdonik",International Conference on Management of Data,1999,,,,,,,,
dblp,conf/sigmod/Mohan01,Application Servers: Born-Again TP Monitors for the Web? (Panel Abstract),C. Mohan,SIGMOD Conference,2001,,,,,,,,
acm,335463,Indexing images in Oracle8i,"Melliyal Annamalai, Rajiv Chopra, Samuel DeFazio, Susan Mavris",International Conference on Management of Data,2000,,,,,,,,
acm,777001,Standards,Andrew Eisenberg,ACM SIGMOD Record,2003,,,,,,,,
acm,601872,Industry perspectives,Len Seligman,ACM SIGMOD Record,2002,,,,,,,,
dblp,conf/sigmod/KanthRSB99,Indexing Medium-dimensionality Data in Oracle,"Jayant Sharma, Kothuri Venkata Ravi Kanth, Jay Banerjee, Siva Ravada",SIGMOD Conference,1999,,,,,,,,
acm,223886,The Algres testbed of CHIMERA: an active object-oriented database system,"Stefano Ceri, Piero Fraternali, Stefano Paraboschi, Giuseppe Psaila",International Conference on Management of Data,1995,,,,,,,,
dblp,conf/vldb/SteinbrunnPMK95,Bypassing Joins in Disjunctive Queries,"Alfons Kemper, Guido Moerkotte, Klaus Peithner, Michael Steinbrunn",VLDB,1995,,,,,,,,
dblp,conf/sigmod/SistlaW95,Temporal Conditions and Integrity Constraints in Active Database Systems,"Ouri Wolfson, A. Prasad Sistla",SIGMOD Conference,1995,,,,,,,,
acm,671341,Evaluating Functional Joins Along Nested Reference Sets in Object-Relational and Object-Oriented Databases,"Reinhard Braumandl, Jens Clau&#223;en, Alfons Kemper",Very Large Data Bases,1998,,,,,,,,
acm,375754,"COSIMA- your smart, speaking E-salesperson","Werner Kie&#946;ling, Stefan Holland, Stefan Fischer, Thorsten Ehm",International Conference on Management of Data,2001,,,,,,,,
dblp,conf/sigmod/GarofalakisG02,Wavelet synopses with error guarantees,"Phillip B. Gibbons, Minos N. Garofalakis",SIGMOD Conference,2002,,,,,,,,
acm,276361,The PointCast network (abstract),"Satish Ramakrishnan, Vibha Dayal",International Conference on Management of Data,1998,,,,,,,,
dblp,conf/vldb/Koch03,Efficient Processing of Expressive Node-Selecting Queries on XML Data in Secondary Storage: A Tree Automata-based Approach,Christoph Koch,VLDB,2003,,,,,,,,
dblp,conf/vldb/AgrawalLSS95,"Fast Similarity Search in the Presence of Noise, Scaling, and Translation in Time-Series Databases","King-Ip Lin, Harpreet S. Sawhney, Rakesh Agrawal, Kyuseok Shim",VLDB,1995,,,,,,,,
acm,767134,Designing wrapper components for e-services in integrating heterogeneous systems,"Massimo Mecella, Barbara Pernici",The VLDB Journal &mdash, The International Journal on Very Large Data Bases,2001,,,,,,,
dblp,journals/tods/TendickM94,A Modified Random Perturbation Method for Database Security,"Norman S. Matloff, Patrick Tendick",ACM Trans. Database Syst.,1994,,,,,,,,
dblp,conf/vldb/MeoPC96,A New SQL-like Operator for Mining Association Rules,"Giuseppe Psaila, Stefano Ceri, Rosa Meo",VLDB,1996,,,,,,,,
dblp,journals/sigmod/Snodgrass99,Chair's Message,Richard T. Snodgrass,SIGMOD Record,1999,,,,,,,,
dblp,conf/sigmod/BohannonDGKLNS03,ROLEX: Relational On-Line Exchange with XML,"Pradeep Shenoy, Xin Dong, Henry F. Korth, Philip Bohannon, P. P. S. Narayan, Chengkai Li, Sumit Ganguly",SIGMOD Conference,2003,,,,,,,,
dblp,journals/sigmod/dOnofrioP03,Modelling temporal thematic map contents,"Elaheh Pourabbas, Alberto d'Onofrio",SIGMOD Record,2003,,,,,,,,
dblp,journals/tods/MokNE96,A Normal Form for Precisely Characterizing Redundancy in Nested Relations,"Yiu-Kai Ng, David W. Embley, Wai Yin Mok",ACM Trans. Database Syst.,1996,,,,,,,,
dblp,conf/vldb/VeltriCV01,Views in a Large Scale XML Repository,"Dan Vodislav, Sophie Cluet, Pierangelo Veltri",VLDB,2001,,,,,,,,
dblp,conf/vldb/GingrasL98,nD-SQL: A Multi-Dimensional Language for Interoperability and OLAP,"Laks V. S. Lakshmanan, Frédéric Gingras",VLDB,1998,,,,,,,,
acm,363956,Theory of dependence values,Rosa Meo,ACM Transactions on Database Systems (TODS),2000,,,,,,,,
dblp,conf/sigmod/ParkCY95,An Effective Hash Based Algorithm for Mining Association Rules,"Ming-Syan Chen, Philip S. Yu, Jong Soo Park",SIGMOD Conference,1995,,,,,,,,
dblp,conf/vldb/SeifertS02,A Multi-version Cache Replacement and Prefetching Policy for Hybrid Data Delivery Environments,"André Seifert, Marc H. Scholl",VLDB,2002,,,,,,,,
acm,191929,Parallel database systems in the 1990's,Michael J. Carey,International Conference on Management of Data,1994,,,,,,,,
dblp,journals/sigmod/RossGN03,Reminiscences an Influential Papers,"Jeffrey F. Naughton, Minos N. Garofalakis, Kenneth A. Ross",SIGMOD Record,2003,,,,,,,,
dblp,conf/sigmod/Ojjeh99,Microsoft Site Server (Commerce Edition),Bassel Ojjeh,SIGMOD Conference,1999,,,,,,,,
acm,767144,Efficiently publishing relational data as XML documents,"Jayavel Shanmugasundaram, Eugene Shekita, Rimon Barr, Michael Carey, Bruce Lindsay, Hamid Pirahesh, Berthold Reinwald",The VLDB Journal &mdash, The International Journal on Very Large Data Bases,2001,,,,,,,
acm,671010,The Case for Enhanced Abstract Data Types,"Praveen Seshadri, Miron Livny, Raghu Ramakrishnan",Very Large Data Bases,1997,,,,,,,,
acm,945722,Analysis of SIGMOD's co-authorship graph,"Mario A. Nascimento, J&#246;rg Sander, Jeffrey Pound",ACM SIGMOD Record,2003,,,,,,,,
acm,615213,The software information base: a server for reuse,"Panos Constantopoulos, Matthias Jarke, John Mylopoulos, Yannis Vassiliou",The VLDB Journal &mdash, The International Journal on Very Large Data Bases,1995,,,,,,,
dblp,conf/vldb/BohmMSW01,Fast Evaluation Techniques for Complex Similarity Queries,"Michael Mlivoncic, Roger Weber, Klemens Böhm, Hans-Jörg Schek",VLDB,2001,,,,,,,,
dblp,journals/vldb/ChakrabartiGRS01,Approximate query processing using wavelets,"Rajeev Rastogi, Minos N. Garofalakis, Kyuseok Shim, Kaushik Chakrabarti",VLDB J.,2001,,,,,,,,
acm,565119,Bringing order to query optimization,"Giedrius Slivinskas, Christian S. Jensen, Richard Thomas Snodgrass",ACM SIGMOD Record,2002,,,,,,,,
acm,601861,The cougar approach to in-network query processing in sensor networks,"Yong Yao, Johannes Gehrke",ACM SIGMOD Record,2002,,,,,,,,
dblp,conf/vldb/LimWV03,SASH: A Self-Adaptive Histogram Set for Dynamically Changing Workloads,"Lipyeow Lim, Min Wang, Jeffrey Scott Vitter",VLDB,2003,,,,,,,,
acm,375761,VQBD: exploring semistructured data,"Sudarshan S. Chawathe, Thomas Baby, Jihwang Yoo",International Conference on Management of Data,2001,,,,,,,,
dblp,conf/vldb/CormodeDIM02,Comparing Data Streams Using Hamming Norms (How to Zero In),"Mayur Datar, Piotr Indyk, S. Muthukrishnan, Graham Cormode",VLDB,2002,,,,,,,,
acm,304186,Snakes and sandwiches: optimal clustering strategies for a data warehouse,"H. V. Jagadish, Laks V. S. Lakshmanan, Divesh Srivastava",International Conference on Management of Data,1999,,,,,,,,
dblp,conf/vldb/Mohan02,Application Servers and Associated Technologies,C. Mohan,VLDB,2002,,,,,,,,
acm,671492,Issues in Network Management in the Next Millennium,"Michael L. Brodie, Surajit Chaudhuri",Very Large Data Bases,1999,,,,,,,,
acm,290607,Database research at Columbia University,"Shih-Fu Chang, Luis Gravano, Gail E. Kaiser, Kenneth A. Ross, Salvatore J. Stolfo",ACM SIGMOD Record,1998,,,,,,,,
dblp,conf/vldb/FlorescuKLP97,Using Probabilistic Information in Data Integration,"Alon Y. Levy, Daniela Florescu, Daphne Koller",VLDB,1997,,,,,,,,
acm,276335,Integrating association rule mining with relational database systems: alternatives and implications,"Sunita Sarawagi, Shiby Thomas, Rakesh Agrawal",International Conference on Management of Data,1998,,,,,,,,
acm,872792,Capturing both types and constraints in data integration,"Michael Benedikt, Chee-Yong Chan, Wenfei Fan, Juliana Freire, Rajeev Rastogi",International Conference on Management of Data,2003,,,,,,,,
dblp,conf/sigmod/PalmerF00,Density Biased Sampling: An Improved Method for Data Mining and Clustering,"Christopher R. Palmer, Christos Faloutsos",SIGMOD Conference,2000,,,,,,,,
dblp,journals/sigmod/Alonso95,Trade Press News,Rafael Alonso,SIGMOD Record,1995,,,,,,,,
acm,253345,Distance-based indexing for high-dimensional metric spaces,"Tolga Bozkaya, Meral Ozsoyoglu",International Conference on Management of Data,1997,,,,,,,,
acm,191872,Optimization of dynamic query evaluation plans,"Richard L. Cole, Goetz Graefe",International Conference on Management of Data,1994,,,,,,,,
dblp,journals/sigmod/BollKB98,Design and Implementation of RMP - A Virtual Electronic Market Place,"Wolfgang Klas, Susanne Boll, Bernard Battaglin",SIGMOD Record,1998,,,,,,,,
dblp,conf/vldb/ChenHWW02,Multi-Dimensional Regression Analysis of Time-Series Data Streams,"Benjamin W. Wah, Yixin Chen, Jianyong Wang, Guozhu Dong, Jiawei Han",VLDB,2002,,,,,,,,
acm,671872,Integrating the UB-Tree into a Database System Kernel,"Frank Ramsak, Volker Markl, Robert Fenk, Martin Zirkel, Klaus Elhardt, Rudolf Bayer",Very Large Data Bases,2000,,,,,,,,
dblp,conf/vldb/Ramanan03,Covering Indexes for XML Queries: Bisimulation - Simulation = Negation,Prakash Ramanan,VLDB,2003,,,,,,,,
acm,304204,Random sampling techniques for space efficient online computation of order statistics of large datasets,"Gurmeet Singh Manku, Sridhar Rajagopalan, Bruce G. Lindsay",International Conference on Management of Data,1999,,,,,,,,
dblp,conf/vldb/GalanisWJD03,Locating Data Sources in Large Distributed Systems,"David J. DeWitt, Leonidas Galanis, Shawn R. Jeffery, Yuan Wang",VLDB,2003,,,,,,,,
dblp,conf/sigmod/DoppelhammerHKK97,Database Performance in the Real World - TPC-D and SAP R/3 (Experience Paper),"Jochen Doppelhammer, Donald Kossmann, Thomas Höppler, Alfons Kemper",SIGMOD Conference,1997,,,,,,,,
dblp,conf/sigmod/ChenGMV02,Fractal prefetching B±Trees: optimizing both cache and disk performance,"Phillip B. Gibbons, Gary Valentin, Todd C. Mowry, Shimin Chen",SIGMOD Conference,2002,,,,,,,,
acm,671853,An Ultra Highly Available DBMS,"Svein-Olaf Hvasshovd, Svein Erik Bratsberg, &#216;ystein Torbj&#248;rnsen",Very Large Data Bases,2000,,,,,,,,
acm,872877,XQuery: a query language for XML,Don Chamberlin,International Conference on Management of Data,2003,,,,,,,,
acm,190646,Metadata for mixed-media access,"Francine Chen, Marti Hearst, Julian Kupiec, Jan Pedersen, Lynn Wilcox",ACM SIGMOD Record,1994,,,,,,,,
dblp,conf/vldb/FukudaMMT96,Constructing Efficient Decision Trees by Using Optimized Numeric Association Rules,"Takeshi Fukuda, Yasuhiko Morimoto, Takeshi Tokuyama, Shinichi Morishita",VLDB,1996,,,,,,,,
dblp,journals/vldb/HelmerM03,A performance study of four index structures for set-valued attributes of low cardinality,"Guido Moerkotte, Sven Helmer",VLDB J.,2003,,,,,,,,
acm,872780,Warping indexes with envelope transforms for query by humming,"Yunyue Zhu, Dennis Shasha",International Conference on Management of Data,2003,,,,,,,,
acm,248615,Extraction of object-oriented structures from existing relational databases,"Shekar Ramanathan, Julia Hodges",ACM SIGMOD Record,1997,,,,,,,,
dblp,journals/sigmod/TanK03,Power efficient data gathering and aggregation in wireless sensor networks,"Ibrahim Korpeoglu, Hüseyin Özgür Tan",SIGMOD Record,2003,,,,,,,,
dblp,conf/sigmod/DeshpandeNGS03,Cache-and-Query for Wide Area Sensor Databases,"Phillip B. Gibbons, Srinivasan Seshan, Suman Kumar Nath, Amol Deshpande",SIGMOD Conference,2003,,,,,,,,
acm,673485,"Calibrating the Query Optimizer Cost Model of IRO-DB, an Object-Oriented Federated Database System","Georges Gardarin, Fei Sha, Zhao-Hui Tang",Very Large Data Bases,1996,,,,,,,,
acm,276313,Efficiently mining long patterns from databases,"Roberto J. Bayardo, Jr.",International Conference on Management of Data,1998,,,,,,,,
dblp,journals/vldb/DesslochHMMT98,"Advanced Data Processing in KRISYS: Modeling Concepts, Implementation Techniques, and Client/Server Issues","Nelson Mendonça Mattos, Joachim Thomas, Theo Härder, Stefan Deßloch, Bernhard Mitschang",VLDB J.,1998,,,,,,,,
acm,335433,The onion technique: indexing for linear optimization queries,"Yuan-Chi Chang, Lawrence Bergman, Vittorio Castelli, Chung-Sheng Li, Ming-Ling Lo, John R. Smith",International Conference on Management of Data,2000,,,,,,,,
dblp,conf/vldb/FrohnLU94,Access to Objects by Path Expressions and Rules,"Jürgen Frohn, Georg Lausen, Heinz Uphoff",VLDB,1994,,,,,,,,
acm,673469,Querying Heterogeneous Information Sources Using Source Descriptions,"Alon Y. Levy, Anand Rajaraman, Joann J. Ordille",Very Large Data Bases,1996,,,,,,,,
dblp,conf/sigmod/GuptaS03,Stream Processing of XPath Queries with Predicates,"Ashish Kumar Gupta, Dan Suciu",SIGMOD Conference,2003,,,,,,,,
dblp,journals/sigmod/Eisenberg96,New Standard for Stored Procedures in SQL,Andrew Eisenberg,SIGMOD Record,1996,,,,,,,,
acm,335381,On-line reorganization in object databases,"Mohana K. Lakhamraju, Rajeev Rastogi, S. Seshadri, S. Sudarshan",International Conference on Management of Data,2000,,,,,,,,
acm,304183,Integration of spatial join algorithms for processing multiple inputs,"Nikos Mamoulis, Dimitris Papadias",International Conference on Management of Data,1999,,,,,,,,
dblp,conf/sigmod/GrossmanQ94,Ptool: A Scalable Persistent Object Manager,"Xiao Qin, Robert L. Grossman",SIGMOD Conference,1994,,,,,,,,
acm,363954,An algebraic approach to static analysis of active database rules,"Elena Baralis, Jennifer Widom",ACM Transactions on Database Systems (TODS),2000,,,,,,,,
dblp,journals/sigmod/ReichB98,A Componentized Architecture for Dynamic Electronic Markets,"Israel Ben-Shaul, Benny Reich",SIGMOD Record,1998,,,,,,,,
acm,950485,Aurora: a new model and architecture for data stream management,"Daniel J. Abadi, Don Carney, Ugur &#199;etintemel, Mitch Cherniack, Christian Convey, Sangdon Lee, Michael Stonebraker, Nesime Tatbul, Stan Zdonik",The VLDB Journal &mdash, The International Journal on Very Large Data Bases,2003,,,,,,,
acm,253404,GeoMiner: a system prototype for spatial data mining,"Jaiwei Han, Krzysztof Koperski, Nebojsa Stefanovic",International Conference on Management of Data,1997,,,,,,,,
dblp,conf/vldb/LeslieJBY95,Efficient Search of Multi-Dimensional B-Trees,"Dave Birdsall, Hedieh Yaghmai, Harry Leslie, Rohit Jain",VLDB,1995,,,,,,,,
dblp,journals/vldb/PacittiS00,Update Propagation Strategies to Improve Freshness in Lazy Master Replicated Databases,"Eric Simon, Esther Pacitti",VLDB J.,2000,,,,,,,,
acm,564783,GEA: a toolkit for gene expression analysis,"Jessica M. Phan, Raymond Ng",International Conference on Management of Data,2002,,,,,,,,
dblp,conf/sigmod/Shivakumar03,Google in a Box - Building the Google Search Appliance,Narayanan Shivakumar,SIGMOD Conference,2003,,,,,,,,
dblp,conf/vldb/AmielBDS94,Supporting Exceptions to Schema Consistency to Ease Schema Evolution in OODBMS,"Eric Dujardin, Eric Simon, Marie-Jo Bellosta, Eric Amiel",VLDB,1994,,,,,,,,
acm,375796,Will database researchers have any role in data security? (panel session),"Arnon Rosenthal, Klaus Dittrich, Jim Donahue, Bill Maimone",International Conference on Management of Data,2001,,,,,,,,
acm,765852,Query processing and optimization in Oracle Rdb,"Gennady Antoshenkov, Mohamed Ziauddin",The VLDB Journal &mdash, The International Journal on Very Large Data Bases,1996,,,,,,,
acm,764221,WaveCluster: a wavelet-based clustering approach for spatial data in very large databases,"Gholamhosein Sheikholeslami, Surojit Chatterjee, Aidong Zhang",The VLDB Journal &mdash, The International Journal on Very Large Data Bases,2000,,,,,,,
acm,765526,"Advanced data processing in KRISYS: modeling concepts, implementation techniques, and client/server issues","Stefan De&#223;loch, Theo H&#228;rder, Nelson Mattos, Bernhard Mitschang, Joachim Thomas",The VLDB Journal &mdash, The International Journal on Very Large Data Bases,1998,,,,,,,
acm,304582,The CCUBE constraint object-oriented database system,"Alexander Brodsky, Victor E. Segal, Jia Chen, Paval A. Exarkhopoulo",International Conference on Management of Data,1999,,,,,,,,
dblp,conf/sigmod/DraperHW01,The Nimble Integration Engine,"Daniel S. Weld, Alon Y. Halevy, Denise Draper",SIGMOD Conference,2001,,,,,,,,
acm,191947,Red brick warehouse: a read-mostly RDBMS for open SMP platforms,Phillip M. Fernandez,International Conference on Management of Data,1994,,,,,,,,
acm,505049,Editorial,Richard Snodgrass,ACM Transactions on Database Systems (TODS),2001,,,,,,,,
dblp,conf/vldb/SetzerZ94,New Concurrency Control Algorithms for Accessing and Compacting B-Trees,"Andrea Zisman, V. W. Setzer",VLDB,1994,,,,,,,,
acm,568520,Locally adaptive dimensionality reduction for indexing large time series databases,"Kaushik Chakrabarti, Eamonn Keogh, Sharad Mehrotra, Michael Pazzani",ACM Transactions on Database Systems (TODS),2002,,,,,,,,
dblp,journals/sigmod/PhatakSSS96,"Database Research at the Indian Institute of Technology, Bombay","S. Seshadri, Nandlal L. Sarda, D. B. Phatak, S. Sudarshan",SIGMOD Record,1996,,,,,,,,
acm,673152,DB2 Query Parallelism: Staging and Implementation,Yun Wang,Very Large Data Bases,1995,,,,,,,,
acm,937599,Removing permissions in the flexible authorization framework,"Duminda Wijesekera, Sushil Jajodia, Francesco Parisi-Presicce, &#197;sa Hagstr&#246;m",ACM Transactions on Database Systems (TODS),2003,,,,,,,,
dblp,conf/vldb/DeutschT03,MARS: A System for Publishing XML from Mixed and Redundant Storage,"Alin Deutsch, Val Tannen",VLDB,2003,,,,,,,,
acm,603881,Influential papers,Ken Ross,ACM SIGMOD Record,2001,,,,,,,,
acm,673326,Information Retrieval from an Incomplete Data Cube,Curtis E. Dyreson,Very Large Data Bases,1996,,,,,,,,
dblp,conf/vldb/PellenkoftLK97,The Complexity of Transformation-Based Join Enumeration,"César A. Galindo-Legaria, Martin L. Kersten, Arjan Pellenkoft",VLDB,1997,,,,,,,,
dblp,conf/sigmod/Shyy95,VERSANT Replication: Supporting Fault-Tolerant Object Databases,"H. Stephen Au-Yeung, C. P. Chou, Yuh-Ming Shyy",SIGMOD Conference,1995,,,,,,,,
acm,202669,An annotated bibliography on active databases (short version),"Ulrike Jaeger, Johann Christoph Freytag",ACM SIGMOD Record,1995,,,,,,,,
dblp,conf/sigmod/ZhangRL96,BIRCH: An Efficient Data Clustering Method for Very Large Databases,"Raghu Ramakrishnan, Miron Livny, Tian Zhang",SIGMOD Conference,1996,,,,,,,,
dblp,conf/sigmod/CeriFPP95,The Algres Testbed of CHIMERA: An Active Object-Oriented Database System,"Giuseppe Psaila, Stefano Ceri, Stefano Paraboschi, Piero Fraternali",SIGMOD Conference,1995,,,,,,,,
dblp,conf/sigmod/Ross00,Expressing Business Rules,Ronald G. Ross,SIGMOD Conference,2000,,,,,,,,
dblp,journals/sigmod/BusslerFM02,A Conceptual Architecture for Semantic Web Enabled Web Services,"Dieter Fensel, Alexander Maedche, Christoph Bussler",SIGMOD Record,2002,,,,,,,,
dblp,conf/vldb/Toivonen96,Sampling Large Databases for Association Rules,Hannu Toivonen,VLDB,1996,,,,,,,,
dblp,conf/vldb/BernsteinD94,An Overview of Repository Technology,"Philip A. Bernstein, Umeshwar Dayal",VLDB,1994,,,,,,,,
dblp,conf/sigmod/Bampahl95,Real World Requirements for Decision Support - Implications for RDBMS,Sanju K. Bansal,SIGMOD Conference,1995,,,,,,,,
acm,604271,Using unknowns to prevent discovery of association rules,"Y&#252;cel Saygin, Vassilios S. Verykios, Chris Clifton",ACM SIGMOD Record,2001,,,,,,,,
dblp,conf/sigmod/Cotton02,Implementing XQuery,Paul Cotton,SIGMOD Conference,2002,,,,,,,,
acm,671528,The Value of Merge-Join and Hash-Join in SQL Server,Goetz Graefe,Very Large Data Bases,1999,,,,,,,,
acm,227624,Magic conditions,"Inderpal Singh Mumick, Sheldon J. Finkelstein, Hamid Pirahesh, Raghu Ramakrishnan",ACM Transactions on Database Systems (TODS),1996,,,,,,,,
acm,765563,EXACT: an extensible approach to active object-oriented databases,"Oscar D&#237;az, Arturo Jaime",The VLDB Journal &mdash, The International Journal on Very Large Data Bases,1997,,,,,,,
dblp,journals/sigmod/RossNO03,Reminiscences on Influential Papers,"Kenneth A. Ross, Beng Chin Ooi, Frank Neven",SIGMOD Record,2003,,,,,,,,
dblp,conf/vldb/LempelM02,Optimizing Result Prefetching in Web Search Engines with Segmented Indices,"Shlomo Moran, Ronny Lempel",VLDB,2002,,,,,,,,
dblp,conf/sigmod/AdelbergD99,Nodose Version 2.0,"Brad Adelberg, Matthew Denny",SIGMOD Conference,1999,,,,,,,,
acm,564770,Visual COKO: a debugger for query optimizer development,"Daniel J. Abadi, Mitch Cherniack",International Conference on Management of Data,2002,,,,,,,,
dblp,journals/vldb/JagadishACLNPPSWWY02,TIMBER: A native XML database,"Andrew Nierman, Cong Yu, Jignesh M. Patel, Adriane Chapman, Nuwee Wiwatwattana, H. V. Jagadish, Yuqing Wu, Laks V. S. Lakshmanan, Divesh Srivastava, Shurug Al-Khalifa, Stelios Paparizos",VLDB J.,2002,,,,,,,,
acm,564695,An adaptive peer-to-peer network for distributed caching of OLAP results,"Panos Kalnis, Wee Siong Ng, Beng Chin Ooi, Dimitris Papadias, Kian-Lee Tan",International Conference on Management of Data,2002,,,,,,,,
dblp,conf/sigmod/LoR96,Spatial Hash-Joins,"Ming-Ling Lo, Chinya V. Ravishankar",SIGMOD Conference,1996,,,,,,,,
dblp,conf/vldb/ChenRS95,Declustering Databases on Heterogeneous Disk Systems,"Doron Rotem, Sridhar Seshadri, Ling Tony Chen",VLDB,1995,,,,,,,,
dblp,conf/sigmod/CasatiS01,Models and Languages for Describing and Discovering E-Services,"Ming-Chien Shan, Fabio Casati",SIGMOD Conference,2001,,,,,,,,
acm,640994,A multi-paradigm querying approach for a generic multimedia database management system,"Ji-Rong Wen, Qing Li, Wei-Ying Ma, Hong-Jiang Zhang",ACM SIGMOD Record,2003,,,,,,,,
dblp,conf/vldb/XinHLW03,Star-Cubing: Computing Iceberg Cubes by Top-Down and Bottom-Up Integration,"Jiawei Han, Xiaolei Li, Benjamin W. Wah, Dong Xin",VLDB,2003,,,,,,,,
dblp,conf/vldb/PedersenJD99,Extending Practical Pre-Aggregation in On-Line Analytical Processing,"Torben Bach Pedersen, Curtis E. Dyreson, Christian S. Jensen",VLDB,1999,,,,,,,,
dblp,conf/vldb/ChangG00,Approximate Query Translation Across Heterogeneous Information Sources,"Hector Garcia-Molina, Kevin Chen-Chuan Chang",VLDB,2000,,,,,,,,
dblp,conf/sigmod/MeccaAMMS98,The Araneus Web-Base Management System,"Giansalvatore Mecca, Paolo Merialdo, Alessandro Masci, Paolo Atzeni, Giuseppe Sindoni",SIGMOD Conference,1998,,,,,,,,
acm,280362,BeSS: storage support for interactive visualization systems,"A. Biliris, T. A. Funkhouser, W. O'Connell, E. Panagos",International Conference on Management of Data,1996,,,,,,,,
dblp,journals/sigmod/Hampapur99,Semantic Video Indexing: Approach and Issue,Arun Hampapur,SIGMOD Record,1999,,,,,,,,
acm,673000,Dali: A High Performance Main Memory Storage Manager,"H. V. Jagadish, Daniel F. Lieuwen, Rajeev Rastogi, Abraham Silberschatz, S. Sudarshan",Very Large Data Bases,1994,,,,,,,,
